asset1,asset2,correlation
AAPL,AAPL,1.0
AAPL,MSFT,0.5289273570484624
AAPL,NVDA,0.46930865980961484
AAPL,GOOGL,0.5135465697941243
AAPL,AMZN,0.4914802438213517
AAPL,META,0.4391911834464359
AAPL,TSLA,0.4611462069399692
AAPL,AMD,0.41838947574147095
AAPL,NFLX,0.3703840290576065
AAPL,CRM,0.39902779495785473
AAPL,ORCL,0.24119534235882542
AAPL,ADBE,0.457699713038279
AAPL,AVGO,0.40707454052025965
AAPL,QCOM,0.4866909809399496
AAPL,INTC,0.2877819564109461
AAPL,BTC-USD,0.2659070124652353
AAPL,ETH-USD,0.3025553419071312
AAPL,SOL-USD,0.24871316332763166
MSFT,AAPL,0.5289273570484624
MSFT,MSFT,1.0
MSFT,NVDA,0.556858672649928
MSFT,GOOGL,0.545100792891238
MSFT,AMZN,0.6080004794047329
MSFT,META,0.5040889903156102
MSFT,TSLA,0.38286241262224774
MSFT,AMD,0.4540160514537851
MSFT,NFLX,0.40494999614639177
MSFT,CRM,0.5340712078536127
MSFT,ORCL,0.44865413696042233
MSFT,ADBE,0.5481143464587145
MSFT,AVGO,0.4381786676966426
MSFT,QCOM,0.3781359745259559
MSFT,INTC,0.2649171784541801
MSFT,BTC-USD,0.3230543977265894
MSFT,ETH-USD,0.3286638955383363
MSFT,SOL-USD,0.29575170718340754
NVDA,AAPL,0.46930865980961484
NVDA,MSFT,0.556858672649928
NVDA,NVDA,1.0
NVDA,GOOGL,0.4917591701753973
NVDA,AMZN,0.5215232954808673
NVDA,META,0.4747814220551921
NVDA,TSLA,0.4621969724212839
NVDA,AMD,0.6534996883991061
NVDA,NFLX,0.3904977154995756
NVDA,CRM,0.41458860057112495
NVDA,ORCL,0.4213227011925376
NVDA,ADBE,0.4153756570417555
NVDA,AVGO,0.6240674267273425
NVDA,QCOM,0.5344736952337145
NVDA,INTC,0.3608904207475749
NVDA,BTC-USD,0.3256030254984733
NVDA,ETH-USD,0.3498273820163779
NVDA,SOL-USD,0.31407202998372646
GOOGL,AAPL,0.5135465697941243
GOOGL,MSFT,0.545100792891238
GOOGL,NVDA,0.4917591701753973
GOOGL,GOOGL,1.0
GOOGL,AMZN,0.6207113402039345
GOOGL,META,0.5252426537785684
GOOGL,TSLA,0.4116457251620809
GOOGL,AMD,0.45860834424721997
GOOGL,NFLX,0.3548744535752243
GOOGL,CRM,0.37939854316255284
GOOGL,ORCL,0.30058736623218063
GOOGL,ADBE,0.43739802967367947
GOOGL,AVGO,0.4161136139458163
GOOGL,QCOM,0.4257977485457039
GOOGL,INTC,0.2899650318764333
GOOGL,BTC-USD,0.2818836955201904
GOOGL,ETH-USD,0.3084180382680164
GOOGL,SOL-USD,0.28152598722286704
AMZN,AAPL,0.4914802438213517
AMZN,MSFT,0.6080004794047329
AMZN,NVDA,0.5215232954808673
AMZN,GOOGL,0.6207113402039345
AMZN,AMZN,1.0
AMZN,META,0.5791745140429431
AMZN,TSLA,0.43540437781940833
AMZN,AMD,0.4639470731050159
AMZN,NFLX,0.4439273604903527
AMZN,CRM,0.45764370232128754
AMZN,ORCL,0.3104946837647569
AMZN,ADBE,0.46219625311067847
AMZN,AVGO,0.42679093497563814
AMZN,QCOM,0.4345248486883977
AMZN,INTC,0.31972307023208957
AMZN,BTC-USD,0.315288116458226
AMZN,ETH-USD,0.32561451669680974
AMZN,SOL-USD,0.2945486982232233
META,AAPL,0.4391911834464359
META,MSFT,0.5040889903156102
META,NVDA,0.4747814220551921
META,GOOGL,0.5252426537785684
META,AMZN,0.5791745140429431
META,META,1.0
META,TSLA,0.3468536215518344
META,AMD,0.41955419409343525
META,NFLX,0.42095807612712294
META,CRM,0.3839409971646858
META,ORCL,0.2597348948298766
META,ADBE,0.4050555973740064
META,AVGO,0.3730214920574077
META,QCOM,0.3845090213409453
META,INTC,0.2777839037025227
META,BTC-USD,0.23481081356006628
META,ETH-USD,0.2510066833619922
META,SOL-USD,0.21568930918052961
TSLA,AAPL,0.4611462069399692
TSLA,MSFT,0.38286241262224774
TSLA,NVDA,0.4621969724212839
TSLA,GOOGL,0.4116457251620809
TSLA,AMZN,0.43540437781940833
TSLA,META,0.3468536215518344
TSLA,TSLA,1.0
TSLA,AMD,0.4450051410917158
TSLA,NFLX,0.3134197467351073
TSLA,CRM,0.32554753667536623
TSLA,ORCL,0.28914466850785636
TSLA,ADBE,0.2961640427244169
TSLA,AVGO,0.4123323497672986
TSLA,QCOM,0.431487139995414
TSLA,INTC,0.30169854326759493
TSLA,BTC-USD,0.349210998109782
TSLA,ETH-USD,0.36975107611460917
TSLA,SOL-USD,0.3271143459239797
AMD,AAPL,0.41838947574147095
AMD,MSFT,0.4540160514537851
AMD,NVDA,0.6534996883991061
AMD,GOOGL,0.45860834424721997
AMD,AMZN,0.4639470731050159
AMD,META,0.41955419409343525
AMD,TSLA,0.4450051410917158
AMD,AMD,1.0
AMD,NFLX,0.31638411486905527
AMD,CRM,0.28674554533008423
AMD,ORCL,0.34664886332187417
AMD,ADBE,0.29905536537179767
AMD,AVGO,0.5336365682481029
AMD,QCOM,0.5864807908370705
AMD,INTC,0.5074873933070769
AMD,BTC-USD,0.30241099400518173
AMD,ETH-USD,0.3232671238942686
AMD,SOL-USD,0.2884349567003017
NFLX,AAPL,0.3703840290576065
NFLX,MSFT,0.40494999614639177
NFLX,NVDA,0.3904977154995756
NFLX,GOOGL,0.3548744535752243
NFLX,AMZN,0.4439273604903527
NFLX,META,0.42095807612712294
NFLX,TSLA,0.3134197467351073
NFLX,AMD,0.31638411486905527
NFLX,NFLX,1.0
NFLX,CRM,0.38405445739955696
NFLX,ORCL,0.20431505683177223
NFLX,ADBE,0.39414419930611105
NFLX,AVGO,0.2847680460451442
NFLX,QCOM,0.28831828866654136
NFLX,INTC,0.16785378797147557
NFLX,BTC-USD,0.2565518012941573
NFLX,ETH-USD,0.23689204962417867
NFLX,SOL-USD,0.23681893846930666
CRM,AAPL,0.39902779495785473
CRM,MSFT,0.5340712078536127
CRM,NVDA,0.41458860057112495
CRM,GOOGL,0.37939854316255284
CRM,AMZN,0.45764370232128754
CRM,META,0.3839409971646858
CRM,TSLA,0.32554753667536623
CRM,AMD,0.28674554533008423
CRM,NFLX,0.38405445739955696
CRM,CRM,1.0
CRM,ORCL,0.30478346887022223
CRM,ADBE,0.6461792958124192
CRM,AVGO,0.3037038744635359
CRM,QCOM,0.34829587779838656
CRM,INTC,0.1717171785290488
CRM,BTC-USD,0.2673330472489544
CRM,ETH-USD,0.2772395960514542
CRM,SOL-USD,0.24074501698896067
ORCL,AAPL,0.24119534235882542
ORCL,MSFT,0.44865413696042233
ORCL,NVDA,0.4213227011925376
ORCL,GOOGL,0.30058736623218063
ORCL,AMZN,0.3104946837647569
ORCL,META,0.2597348948298766
ORCL,TSLA,0.28914466850785636
ORCL,AMD,0.34664886332187417
ORCL,NFLX,0.20431505683177223
ORCL,CRM,0.30478346887022223
ORCL,ORCL,1.0
ORCL,ADBE,0.2996140363789025
ORCL,AVGO,0.46465068185309205
ORCL,QCOM,0.29983933134746543
ORCL,INTC,0.2376783297592944
ORCL,BTC-USD,0.1874246690047895
ORCL,ETH-USD,0.2055942693424244
ORCL,SOL-USD,0.17338064012817922
ADBE,AAPL,0.457699713038279
ADBE,MSFT,0.5481143464587145
ADBE,NVDA,0.4153756570417555
ADBE,GOOGL,0.43739802967367947
ADBE,AMZN,0.46219625311067847
ADBE,META,0.4050555973740064
ADBE,TSLA,0.2961640427244169
ADBE,AMD,0.29905536537179767
ADBE,NFLX,0.39414419930611105
ADBE,CRM,0.6461792958124192
ADBE,ORCL,0.2996140363789025
ADBE,ADBE,1.0
ADBE,AVGO,0.3191800767182836
ADBE,QCOM,0.3670599056164608
ADBE,INTC,0.1490969720433475
ADBE,BTC-USD,0.2446232329031677
ADBE,ETH-USD,0.24690405042557892
ADBE,SOL-USD,0.22478569948645108
AVGO,AAPL,0.40707454052025965
AVGO,MSFT,0.4381786676966426
AVGO,NVDA,0.6240674267273425
AVGO,GOOGL,0.4161136139458163
AVGO,AMZN,0.42679093497563814
AVGO,META,0.3730214920574077
AVGO,TSLA,0.4123323497672986
AVGO,AMD,0.5336365682481029
AVGO,NFLX,0.2847680460451442
AVGO,CRM,0.3037038744635359
AVGO,ORCL,0.46465068185309205
AVGO,ADBE,0.3191800767182836
AVGO,AVGO,1.0
AVGO,QCOM,0.5315881218243841
AVGO,INTC,0.390651043497012
AVGO,BTC-USD,0.24690758565257528
AVGO,ETH-USD,0.2872418732962544
AVGO,SOL-USD,0.2202365750803593
QCOM,AAPL,0.4866909809399496
QCOM,MSFT,0.3781359745259559
QCOM,NVDA,0.5344736952337145
QCOM,GOOGL,0.4257977485457039
QCOM,AMZN,0.4345248486883977
QCOM,META,0.3845090213409453
QCOM,TSLA,0.431487139995414
QCOM,AMD,0.5864807908370705
QCOM,NFLX,0.28831828866654136
QCOM,CRM,0.34829587779838656
QCOM,ORCL,0.29983933134746543
QCOM,ADBE,0.3670599056164608
QCOM,AVGO,0.5315881218243841
QCOM,QCOM,1.0
QCOM,INTC,0.4871957509985457
QCOM,BTC-USD,0.2608549813424914
QCOM,ETH-USD,0.28936889949121414
QCOM,SOL-USD,0.23822252352669843
INTC,AAPL,0.2877819564109461
INTC,MSFT,0.2649171784541801
INTC,NVDA,0.3608904207475749
INTC,GOOGL,0.2899650318764333
INTC,AMZN,0.31972307023208957
INTC,META,0.2777839037025227
INTC,TSLA,0.30169854326759493
INTC,AMD,0.5074873933070769
INTC,NFLX,0.16785378797147557
INTC,CRM,0.1717171785290488
INTC,ORCL,0.2376783297592944
INTC,ADBE,0.1490969720433475
INTC,AVGO,0.390651043497012
INTC,QCOM,0.4871957509985457
INTC,INTC,1.0
INTC,BTC-USD,0.2030080768453215
INTC,ETH-USD,0.22706694888715437
INTC,SOL-USD,0.18609978848706876
BTC-USD,AAPL,0.2659070124652353
BTC-USD,MSFT,0.3230543977265894
BTC-USD,NVDA,0.3256030254984733
BTC-USD,GOOGL,0.2818836955201904
BTC-USD,AMZN,0.315288116458226
BTC-USD,META,0.23481081356006628
BTC-USD,TSLA,0.349210998109782
BTC-USD,AMD,0.30241099400518173
BTC-USD,NFLX,0.2565518012941573
BTC-USD,CRM,0.2673330472489544
BTC-USD,ORCL,0.1874246690047895
BTC-USD,ADBE,0.2446232329031677
BTC-USD,AVGO,0.24690758565257528
BTC-USD,QCOM,0.2608549813424914
BTC-USD,INTC,0.2030080768453215
BTC-USD,BTC-USD,1.0
BTC-USD,ETH-USD,0.8435491925672628
BTC-USD,SOL-USD,0.7300386133892072
ETH-USD,AAPL,0.3025553419071312
ETH-USD,MSFT,0.3286638955383363
ETH-USD,NVDA,0.3498273820163779
ETH-USD,GOOGL,0.3084180382680164
ETH-USD,AMZN,0.32561451669680974
ETH-USD,META,0.2510066833619922
ETH-USD,TSLA,0.36975107611460917
ETH-USD,AMD,0.3232671238942686
ETH-USD,NFLX,0.23689204962417867
ETH-USD,CRM,0.2772395960514542
ETH-USD,ORCL,0.2055942693424244
ETH-USD,ADBE,0.24690405042557892
ETH-USD,AVGO,0.2872418732962544
ETH-USD,QCOM,0.28936889949121414
ETH-USD,INTC,0.22706694888715437
ETH-USD,BTC-USD,0.8435491925672628
ETH-USD,ETH-USD,1.0
ETH-USD,SOL-USD,0.744092952031293
SOL-USD,AAPL,0.24871316332763166
SOL-USD,MSFT,0.29575170718340754
SOL-USD,NVDA,0.31407202998372646
SOL-USD,GOOGL,0.28152598722286704
SOL-USD,AMZN,0.2945486982232233
SOL-USD,META,0.21568930918052961
SOL-USD,TSLA,0.3271143459239797
SOL-USD,AMD,0.2884349567003017
SOL-USD,NFLX,0.23681893846930666
SOL-USD,CRM,0.24074501698896067
SOL-USD,ORCL,0.17338064012817922
SOL-USD,ADBE,0.22478569948645108
SOL-USD,AVGO,0.2202365750803593
SOL-USD,QCOM,0.23822252352669843
SOL-USD,INTC,0.18609978848706876
SOL-USD,BTC-USD,0.7300386133892072
SOL-USD,ETH-USD,0.744092952031293
SOL-USD,SOL-USD,1.0
