date,DGS10,VIXCLS,DTWEXBGS
2021-09-10,1.35,20.95,112.9425
2021-09-13,1.33,19.37,113.0341
2021-09-14,1.28,19.46,113.0061
2021-09-15,1.31,18.18,112.9773
2021-09-16,1.34,18.69,113.3036
2021-09-17,1.37,20.81,113.5989
2021-09-20,1.31,25.71,113.9422
2021-09-21,1.33,24.36,113.8179
2021-09-22,1.32,20.87,113.6223
2021-09-23,1.41,18.63,113.513
2021-09-24,1.47,17.75,113.7597
2021-09-27,1.48,18.76,113.7432
2021-09-28,1.54,23.25,114.2469
2021-09-29,1.55,22.56,114.7092
2021-09-30,1.52,23.14,114.6403
2021-10-01,1.48,21.15,114.3798
2021-10-04,1.49,22.96,114.2739
2021-10-05,1.54,21.3,114.3654
2021-10-06,1.53,21.0,114.7185
2021-10-07,1.58,19.54,114.5044
2021-10-08,1.61,18.77,114.5986
2021-10-11,1.61,20.0,114.5986
2021-10-12,1.59,19.85,114.7542
2021-10-13,1.56,18.64,114.4705
2021-10-14,1.52,16.86,114.2053
2021-10-15,1.59,16.3,114.0905
2021-10-18,1.59,16.31,113.9899
2021-10-19,1.65,15.7,113.647
2021-10-20,1.65,15.49,113.5083
2021-10-21,1.68,15.01,113.6188
2021-10-22,1.66,15.43,113.67
2021-10-25,1.64,15.24,113.605
2021-10-26,1.63,15.98,113.674
2021-10-27,1.54,16.98,113.6218
2021-10-28,1.57,16.53,113.4389
2021-10-29,1.55,16.26,114.1349
2021-11-01,1.58,16.41,114.2067
2021-11-02,1.56,16.03,114.2847
2021-11-03,1.6,15.1,114.3593
2021-11-04,1.53,15.44,114.3558
2021-11-05,1.45,16.48,114.0732
2021-11-08,1.51,17.22,113.8256
2021-11-09,1.46,17.78,113.762
2021-11-10,1.56,18.73,114.1484
2021-11-11,1.56,17.66,114.1484
2021-11-12,1.58,16.29,114.5144
2021-11-15,1.63,16.49,114.5876
2021-11-16,1.63,16.37,115.136
2021-11-17,1.6,17.11,115.0263
2021-11-18,1.59,17.59,115.0678
2021-11-19,1.54,17.91,115.2187
2021-11-22,1.63,19.17,115.6481
2021-11-23,1.67,19.38,116.0118
2021-11-24,1.64,18.58,116.2711
2021-11-26,1.48,28.62,116.5103
2021-11-29,1.52,22.96,116.581
2021-11-30,1.43,27.19,116.2071
2021-12-01,1.43,31.12,115.889
2021-12-02,1.44,27.95,116.018
2021-12-03,1.35,30.67,116.2377
2021-12-06,1.43,27.18,116.1538
2021-12-07,1.48,21.89,115.8555
2021-12-08,1.52,19.9,115.4418
2021-12-09,1.49,21.58,115.7784
2021-12-10,1.48,18.69,115.5732
2021-12-13,1.42,20.31,115.842
2021-12-14,1.44,21.89,116.2397
2021-12-15,1.47,19.29,116.4219
2021-12-16,1.44,20.57,115.7146
2021-12-17,1.41,21.57,115.791
2021-12-20,1.43,22.87,116.0092
2021-12-21,1.48,21.01,116.1089
2021-12-22,1.46,18.63,115.7485
2021-12-23,1.5,17.96,115.5337
2021-12-27,1.48,17.68,115.4684
2021-12-28,1.49,17.54,115.4192
2021-12-29,1.55,16.95,115.3678
2021-12-30,1.52,17.33,115.283
2021-12-31,1.52,17.22,115.283
2022-01-03,1.63,16.6,115.4101
2022-01-04,1.66,16.91,115.3103
2022-01-05,1.71,19.73,115.137
2022-01-06,1.73,19.61,115.4046
2022-01-07,1.76,18.76,115.0451
2022-01-10,1.78,19.4,115.2216
2022-01-11,1.75,18.41,114.8332
2022-01-12,1.74,17.62,114.355
2022-01-13,1.7,20.31,114.177
2022-01-14,1.78,19.19,114.3825
2022-01-18,1.87,22.79,114.7373
2022-01-19,1.83,23.85,114.6109
2022-01-20,1.83,25.59,114.4642
2022-01-21,1.75,28.85,114.6125
2022-01-24,1.75,29.9,115.2034
2022-01-25,1.78,31.16,115.1654
2022-01-26,1.85,31.96,115.0922
2022-01-27,1.81,30.49,115.978
2022-01-28,1.78,27.66,116.0393
2022-01-31,1.79,24.83,115.566
2022-02-01,1.81,21.96,115.3685
2022-02-02,1.78,22.09,115.1538
2022-02-03,1.82,24.35,114.9065
2022-02-04,1.93,23.22,115.1362
2022-02-07,1.92,22.86,115.0098
2022-02-08,1.96,21.44,115.0892
2022-02-09,1.94,19.96,114.8232
2022-02-10,2.03,23.91,114.5527
2022-02-11,1.92,27.36,114.8413
2022-02-14,1.98,28.33,115.1946
2022-02-15,2.05,25.7,114.93
2022-02-16,2.03,24.29,114.6886
2022-02-17,1.97,28.11,114.6755
2022-02-18,1.92,27.75,114.7982
2022-02-22,1.94,28.81,114.7002
2022-02-23,1.99,31.02,114.6668
2022-02-24,1.96,30.32,115.9419
2022-02-25,1.97,27.59,115.2577
2022-02-28,1.83,30.15,115.2224
2022-03-01,1.72,33.32,115.7962
2022-03-02,1.86,30.74,115.7623
2022-03-03,1.86,30.48,115.9495
2022-03-04,1.74,31.98,116.6503
2022-03-07,1.78,36.45,117.3278
2022-03-08,1.86,35.13,117.6176
2022-03-09,1.94,32.45,116.5961
2022-03-10,1.98,30.23,116.7401
2022-03-11,2.0,30.75,117.0192
2022-03-14,2.14,31.77,117.1506
2022-03-15,2.15,29.83,117.246
2022-03-16,2.19,26.67,116.8073
2022-03-17,2.2,25.67,116.0467
2022-03-18,2.14,23.87,116.1378
2022-03-21,2.32,23.53,115.9398
2022-03-22,2.38,22.94,116.0824
2022-03-23,2.32,23.57,116.005
2022-03-24,2.34,21.67,115.9599
2022-03-25,2.48,20.81,115.7921
2022-03-28,2.46,19.63,116.1911
2022-03-29,2.41,18.9,115.5679
2022-03-30,2.35,19.33,115.0818
2022-03-31,2.32,20.56,115.2218
2022-04-01,2.39,19.63,115.4814
2022-04-04,2.42,18.57,115.4112
2022-04-05,2.54,21.03,115.73
2022-04-06,2.61,22.1,115.9995
2022-04-07,2.66,21.55,116.3512
2022-04-08,2.72,21.16,116.4176
2022-04-11,2.79,24.37,116.5401
2022-04-12,2.72,24.26,116.3866
2022-04-13,2.7,21.82,116.2796
2022-04-14,2.83,22.7,116.7558
2022-04-18,2.85,22.17,116.8441
2022-04-19,2.93,21.37,117.1324
2022-04-20,2.85,20.32,116.7306
2022-04-21,2.9,22.68,117.1432
2022-04-22,2.9,28.21,118.0186
2022-04-25,2.81,27.02,118.6271
2022-04-26,2.77,33.52,118.9624
2022-04-27,2.82,31.6,119.4708
2022-04-28,2.85,29.99,120.0675
2022-04-29,2.89,33.4,119.4933
2022-05-02,2.99,32.34,119.8825
2022-05-03,2.97,29.25,119.7043
2022-05-04,2.93,25.42,119.5592
2022-05-05,3.05,31.2,120.0068
2022-05-06,3.12,30.19,119.8577
2022-05-09,3.05,34.75,120.4972
2022-05-10,2.99,32.99,120.7742
2022-05-11,2.91,32.56,120.3925
2022-05-12,2.84,31.77,121.2796
2022-05-13,2.93,28.87,120.8442
2022-05-16,2.88,27.47,120.6881
2022-05-17,2.98,26.1,119.8871
2022-05-18,2.89,30.96,120.0274
2022-05-19,2.84,29.35,119.4278
2022-05-20,2.78,29.43,119.3677
2022-05-23,2.86,28.48,118.7169
2022-05-24,2.76,29.45,118.6245
2022-05-25,2.75,28.37,118.9598
2022-05-26,2.75,27.5,118.7687
2022-05-27,2.74,25.72,118.2834
2022-05-31,2.85,26.19,118.0704
2022-06-01,2.94,25.69,118.6954
2022-06-02,2.92,24.72,118.0658
2022-06-03,2.96,24.79,118.2153
2022-06-06,3.04,25.07,118.3081
2022-06-07,2.98,24.02,118.4414
2022-06-08,3.03,23.96,118.3951
2022-06-09,3.04,26.09,118.9226
2022-06-10,3.15,27.75,119.9981
2022-06-13,3.43,34.02,121.1523
2022-06-14,3.49,32.69,121.6669
2022-06-15,3.33,29.62,121.6403
2022-06-16,3.28,32.95,120.6714
2022-06-17,3.25,31.13,121.2369
2022-06-21,3.31,30.19,120.6427
2022-06-22,3.16,28.95,120.5197
2022-06-23,3.09,29.05,120.7622
2022-06-24,3.13,27.23,120.4853
2022-06-27,3.2,26.95,120.1736
2022-06-28,3.2,28.36,120.62
2022-06-29,3.1,28.16,120.9616
2022-06-30,2.98,28.71,120.9652
2022-07-01,2.88,26.7,121.5058
2022-07-05,2.82,27.54,122.6203
2022-07-06,2.93,26.73,123.0073
2022-07-07,3.01,26.08,122.7257
2022-07-08,3.09,24.64,122.4662
2022-07-11,2.99,26.17,123.2974
2022-07-12,2.96,27.29,123.4524
2022-07-13,2.91,26.82,123.2834
2022-07-14,2.96,26.4,124.0622
2022-07-15,2.93,24.23,123.4765
2022-07-18,2.96,25.3,122.7727
2022-07-19,3.01,24.5,122.4819
2022-07-20,3.04,23.88,122.5997
2022-07-21,2.91,23.11,122.9032
2022-07-22,2.77,23.03,122.451
2022-07-25,2.81,23.36,122.4594
2022-07-26,2.81,24.69,122.7581
2022-07-27,2.78,23.24,122.8169
2022-07-28,2.68,22.33,122.1161
2022-07-29,2.67,21.33,121.7678
2022-08-01,2.6,22.84,121.4109
2022-08-02,2.75,23.93,121.9486
2022-08-03,2.73,21.95,122.3888
2022-08-04,2.68,21.44,121.8333
2022-08-05,2.83,21.15,122.321
2022-08-08,2.77,21.29,121.8783
2022-08-09,2.8,21.77,121.8614
2022-08-10,2.78,19.74,120.7543
2022-08-11,2.87,20.2,120.7163
2022-08-12,2.84,19.53,121.018
2022-08-15,2.79,19.95,121.4315
2022-08-16,2.82,19.69,121.6807
2022-08-17,2.89,19.9,122.0711
2022-08-18,2.88,19.56,122.3627
2022-08-19,2.98,20.6,123.0501
2022-08-22,3.03,23.8,123.605
2022-08-23,3.05,24.11,123.0547
2022-08-24,3.11,22.82,123.109
2022-08-25,3.03,21.78,123.0586
2022-08-26,3.04,25.56,123.0656
2022-08-29,3.12,26.21,123.4686
2022-08-30,3.11,26.21,123.6848
2022-08-31,3.15,25.87,123.535
2022-09-01,3.26,25.56,124.4006
2022-09-02,3.2,25.47,123.7743
2022-09-06,3.33,26.91,124.767
2022-09-07,3.27,24.64,124.8408
2022-09-08,3.29,23.61,124.578
2022-09-09,3.33,22.79,123.7874
2022-09-12,3.37,23.87,123.3332
2022-09-13,3.42,27.27,124.4242
2022-09-14,3.41,26.16,124.4509
2022-09-15,3.45,26.27,124.8843
2022-09-16,3.45,26.3,124.8794
2022-09-19,3.49,25.76,125.0104
2022-09-20,3.57,27.16,125.1248
2022-09-21,3.51,27.99,125.7399
2022-09-22,3.7,27.35,126.1667
2022-09-23,3.69,29.92,127.2853
2022-09-26,3.88,32.26,128.4539
2022-09-27,3.97,32.6,128.4386
2022-09-28,3.72,30.18,128.0884
2022-09-29,3.76,31.84,127.5437
2022-09-30,3.83,31.62,127.5148
2022-10-03,3.67,30.1,127.0813
2022-10-04,3.62,29.07,126.1819
2022-10-05,3.76,28.55,126.8616
2022-10-06,3.83,30.52,127.2493
2022-10-07,3.89,31.36,127.3111
2022-10-10,3.89,32.45,127.3111
2022-10-11,3.93,33.63,127.6641
2022-10-12,3.91,33.57,128.1481
2022-10-13,3.97,31.94,127.7286
2022-10-14,4.0,32.02,128.3325
2022-10-17,4.02,31.37,127.6448
2022-10-18,4.01,30.5,127.9153
2022-10-19,4.14,30.76,128.3968
2022-10-20,4.24,29.98,128.0052
2022-10-21,4.21,29.69,127.6735
2022-10-24,4.25,29.85,128.0304
2022-10-25,4.1,28.46,127.3771
2022-10-26,4.04,27.28,126.4723
2022-10-27,3.96,27.39,126.7028
2022-10-28,4.02,25.75,127.2135
2022-10-31,4.1,25.88,127.6219
2022-11-01,4.07,25.81,127.3987
2022-11-02,4.1,25.86,127.3115
2022-11-03,4.14,25.3,128.1743
2022-11-04,4.17,24.55,127.1468
2022-11-07,4.22,24.35,126.3062
2022-11-08,4.14,25.54,125.633
2022-11-09,4.12,26.09,125.9861
2022-11-10,3.82,23.53,124.7044
2022-11-11,3.82,22.52,124.7044
2022-11-14,3.88,23.73,123.4277
2022-11-15,3.8,24.54,123.039
2022-11-16,3.67,24.11,123.2817
2022-11-17,3.77,23.93,123.977
2022-11-18,3.82,23.12,123.8524
2022-11-21,3.83,22.36,124.7009
2022-11-22,3.76,21.29,124.2365
2022-11-23,3.71,20.35,123.7574
2022-11-25,3.68,20.5,123.3386
2022-11-28,3.69,22.21,123.6032
2022-11-29,3.75,21.89,123.6615
2022-11-30,3.68,20.58,123.5175
2022-12-01,3.53,19.84,122.0045
2022-12-02,3.51,19.06,122.0102
2022-12-05,3.6,20.75,122.6384
2022-12-06,3.51,22.17,123.0191
2022-12-07,3.42,22.68,122.7608
2022-12-08,3.48,22.29,122.4152
2022-12-09,3.57,22.83,122.4201
2022-12-12,3.61,25.0,122.7714
2022-12-13,3.51,22.55,121.8493
2022-12-14,3.49,21.14,121.8226
2022-12-15,3.44,22.83,122.5519
2022-12-16,3.48,22.62,122.6505
2022-12-19,3.57,22.42,122.5275
2022-12-20,3.69,21.48,122.1357
2022-12-21,3.68,20.07,122.2828
2022-12-22,3.67,21.97,122.2419
2022-12-23,3.75,20.87,121.9743
2022-12-27,3.84,21.65,121.7539
2022-12-28,3.88,22.14,122.0075
2022-12-29,3.83,21.44,121.6577
2022-12-30,3.88,21.67,121.4256
2023-01-03,3.79,22.9,122.0905
2023-01-04,3.69,22.01,121.5008
2023-01-05,3.71,22.46,122.1017
2023-01-06,3.55,21.13,121.0852
2023-01-09,3.53,21.97,120.1508
2023-01-10,3.61,20.58,120.2483
2023-01-11,3.54,21.09,120.1614
2023-01-12,3.43,18.83,119.4218
2023-01-13,3.49,18.35,119.1673
2023-01-17,3.53,19.36,119.2121
2023-01-18,3.37,20.34,119.0755
2023-01-19,3.39,20.52,119.6107
2023-01-20,3.48,19.85,119.3486
2023-01-23,3.52,19.81,119.1434
2023-01-24,3.46,19.2,119.0958
2023-01-25,3.46,19.08,118.9686
2023-01-26,3.49,18.73,119.021
2023-01-27,3.52,18.51,118.9223
2023-01-30,3.55,19.94,118.8953
2023-01-31,3.52,19.4,118.9802
2023-02-01,3.39,17.87,118.6259
2023-02-02,3.4,18.73,118.3421
2023-02-03,3.53,18.33,119.5095
2023-02-06,3.63,19.43,120.541
2023-02-07,3.67,18.66,120.3475
2023-02-08,3.63,19.63,120.1436
2023-02-09,3.67,20.71,119.9781
2023-02-10,3.74,20.53,120.1419
2023-02-13,3.72,20.34,119.9828
2023-02-14,3.77,18.91,119.9229
2023-02-15,3.81,18.23,120.4557
2023-02-16,3.86,20.17,120.4651
2023-02-17,3.82,20.02,120.5526
2023-02-21,3.95,22.87,120.6256
2023-02-22,3.93,22.29,120.8389
2023-02-23,3.88,21.14,121.0896
2023-02-24,3.95,21.67,121.5681
2023-02-27,3.92,20.95,121.3941
2023-02-28,3.92,20.7,121.3341
2023-03-01,4.01,20.58,120.6347
2023-03-02,4.08,19.59,121.1302
2023-03-03,3.97,18.49,120.7742
2023-03-06,3.98,18.61,120.485
2023-03-07,3.97,19.59,121.4623
2023-03-08,3.98,19.11,121.4511
2023-03-09,3.93,22.61,121.4458
2023-03-10,3.7,24.8,121.2421
2023-03-13,3.55,26.52,120.8897
2023-03-14,3.64,23.73,121.0141
2023-03-15,3.51,26.14,122.1079
2023-03-16,3.56,22.99,121.7221
2023-03-17,3.39,25.51,121.5643
2023-03-20,3.47,24.15,121.0141
2023-03-21,3.59,21.38,120.8958
2023-03-22,3.48,22.26,120.6217
2023-03-23,3.38,22.61,119.7587
2023-03-24,3.38,21.74,120.4598
2023-03-27,3.53,20.6,120.2541
2023-03-28,3.55,19.97,119.7138
2023-03-29,3.57,19.12,119.7258
2023-03-30,3.55,19.02,119.4078
2023-03-31,3.48,18.7,119.3602
2023-04-03,3.43,18.55,119.3204
2023-04-04,3.35,19.0,119.142
2023-04-05,3.3,19.08,119.2953
2023-04-06,3.3,18.4,119.3072
2023-04-10,3.41,18.97,119.7948
2023-04-11,3.43,19.1,119.5248
2023-04-12,3.41,19.09,119.003
2023-04-13,3.45,17.8,118.3915
2023-04-14,3.52,17.07,118.8567
2023-04-17,3.6,16.95,119.2787
2023-04-18,3.58,16.83,119.1049
2023-04-19,3.6,16.46,119.303
2023-04-20,3.54,17.17,119.1199
2023-04-21,3.57,16.77,119.3117
2023-04-24,3.52,16.89,119.2039
2023-04-25,3.4,18.76,119.613
2023-04-26,3.43,18.84,119.3228
2023-04-27,3.53,17.03,119.4298
2023-04-28,3.44,15.78,119.2248
2023-05-01,3.59,16.08,119.4435
2023-05-02,3.44,17.78,119.6105
2023-05-03,3.38,18.34,119.1233
2023-05-04,3.37,20.09,119.0465
2023-05-05,3.44,17.19,118.5548
2023-05-08,3.52,16.98,118.5759
2023-05-09,3.53,17.71,118.8239
2023-05-10,3.43,16.94,118.5864
2023-05-11,3.39,16.93,119.0303
2023-05-12,3.46,17.03,119.3671
2023-05-15,3.5,17.12,119.1608
2023-05-16,3.54,17.99,119.1743
2023-05-17,3.57,16.87,119.607
2023-05-18,3.65,16.05,120.0886
2023-05-19,3.7,16.81,119.7751
2023-05-22,3.72,17.21,120.0875
2023-05-23,3.7,18.53,120.3204
2023-05-24,3.73,20.03,120.4752
2023-05-25,3.83,19.14,120.8413
2023-05-26,3.8,17.95,120.6304
2023-05-30,3.69,17.46,120.5546
2023-05-31,3.64,17.94,120.9662
2023-06-01,3.61,15.65,120.0491
2023-06-02,3.69,14.6,120.0049
2023-06-05,3.69,14.73,120.0048
2023-06-06,3.7,13.96,119.9718
2023-06-07,3.79,13.94,119.859
2023-06-08,3.73,13.65,119.5712
2023-06-09,3.75,13.83,119.4322
2023-06-12,3.73,15.01,119.6376
2023-06-13,3.84,14.61,119.1899
2023-06-14,3.83,13.88,118.776
2023-06-15,3.72,14.5,118.5521
2023-06-16,3.77,13.54,118.4184
2023-06-20,3.74,13.88,118.938
2023-06-21,3.72,13.2,118.727
2023-06-22,3.8,12.91,118.7552
2023-06-23,3.74,13.44,119.152
2023-06-26,3.72,14.25,119.0761
2023-06-27,3.77,13.74,118.8949
2023-06-28,3.71,13.43,119.3382
2023-06-29,3.85,13.54,119.527
2023-06-30,3.81,13.59,119.3606
2023-07-03,3.86,13.57,119.2119
2023-07-05,3.95,14.18,119.3483
2023-07-06,4.05,15.44,119.8193
2023-07-07,4.06,14.83,119.0761
2023-07-10,4.01,15.07,118.9548
2023-07-11,3.99,14.84,118.7344
2023-07-12,3.86,13.54,117.6385
2023-07-13,3.76,13.61,117.1831
2023-07-14,3.83,13.34,117.0463
2023-07-17,3.81,13.48,117.1267
2023-07-18,3.8,13.3,117.0264
2023-07-19,3.75,13.76,117.3462
2023-07-20,3.85,13.99,117.5947
2023-07-21,3.84,13.6,117.9418
2023-07-24,3.86,13.91,117.8124
2023-07-25,3.91,13.86,117.8565
2023-07-26,3.86,13.19,117.76
2023-07-27,4.01,14.41,117.8938
2023-07-28,3.96,13.33,117.788
2023-07-31,3.97,13.63,117.8241
2023-08-01,4.05,13.93,118.5738
2023-08-02,4.08,16.09,119.1268
2023-08-03,4.2,15.92,119.3963
2023-08-04,4.05,17.1,118.821
2023-08-07,4.09,15.77,119.0809
2023-08-08,4.02,15.99,119.6407
2023-08-09,4.0,15.96,119.476
2023-08-10,4.09,15.85,119.1581
2023-08-11,4.16,14.84,119.6268
2023-08-14,4.19,14.82,120.0725
2023-08-15,4.21,16.46,120.2127
2023-08-16,4.28,16.78,120.3551
2023-08-17,4.3,17.89,120.5242
2023-08-18,4.26,17.3,120.4321
2023-08-21,4.34,17.13,120.4627
2023-08-22,4.34,16.97,120.3554
2023-08-23,4.19,15.98,120.0307
2023-08-24,4.23,17.2,120.2354
2023-08-25,4.25,15.68,120.5137
2023-08-28,4.2,15.08,120.3155
2023-08-29,4.12,14.45,120.2669
2023-08-30,4.12,13.88,119.7937
2023-08-31,4.09,13.57,120.225
2023-09-01,4.18,13.09,120.759
2023-09-05,4.27,14.01,121.4345
2023-09-06,4.3,14.45,121.8671
2023-09-07,4.27,14.4,121.9528
2023-09-08,4.26,13.84,121.9475
2023-09-11,4.29,13.8,121.3386
2023-09-12,4.27,14.23,121.2913
2023-09-13,4.25,13.48,121.0549
2023-09-14,4.29,12.82,121.2395
2023-09-15,4.33,13.79,121.199
2023-09-18,4.32,14.0,121.1938
2023-09-19,4.37,14.11,121.1645
2023-09-20,4.35,15.14,120.9648
2023-09-21,4.49,17.54,121.5528
2023-09-22,4.44,17.2,121.5306
2023-09-25,4.55,16.9,122.1143
2023-09-26,4.56,18.94,122.4742
2023-09-27,4.61,18.22,122.9895
2023-09-28,4.59,17.34,122.5342
2023-09-29,4.59,17.52,122.3077
2023-10-02,4.69,17.61,123.0545
2023-10-03,4.81,19.78,123.7848
2023-10-04,4.73,18.58,123.5946
2023-10-05,4.72,18.49,123.8993
2023-10-06,4.78,17.45,123.3563
2023-10-09,4.78,17.7,123.3563
2023-10-10,4.66,17.03,122.9282
2023-10-11,4.58,16.09,122.7697
2023-10-12,4.7,16.69,123.2101
2023-10-13,4.63,19.32,123.5954
2023-10-16,4.71,17.21,123.3185
2023-10-17,4.83,17.88,123.1202
2023-10-18,4.91,19.22,123.8148
2023-10-19,4.98,21.4,123.798
2023-10-20,4.93,21.71,123.612
2023-10-23,4.86,20.37,123.2846
2023-10-24,4.83,18.97,123.6416
2023-10-25,4.95,20.19,123.7871
2023-10-26,4.86,20.68,124.0064
2023-10-27,4.84,21.27,123.62
2023-10-30,4.88,19.75,123.4076
2023-10-31,4.88,18.14,123.8364
2023-11-01,4.77,16.87,123.7922
2023-11-02,4.67,15.66,122.8818
2023-11-03,4.57,14.91,121.7564
2023-11-06,4.67,14.89,121.6484
2023-11-07,4.58,14.81,122.0777
2023-11-08,4.49,14.45,122.0926
2023-11-09,4.62,15.29,122.1281
2023-11-10,4.61,14.17,122.1281
2023-11-13,4.63,14.76,122.4264
2023-11-14,4.44,14.16,121.35
2023-11-15,4.53,14.18,121.0749
2023-11-16,4.45,14.32,121.1754
2023-11-17,4.44,13.8,120.8477
2023-11-20,4.42,13.41,120.2533
2023-11-21,4.41,13.35,120.2241
2023-11-22,4.42,12.85,120.6802
2023-11-24,4.47,12.46,120.2105
2023-11-27,4.39,12.69,120.173
2023-11-28,4.34,12.69,119.5904
2023-11-29,4.27,12.98,119.8159
2023-11-30,4.37,12.92,120.2434
2023-12-01,4.22,12.63,119.9424
2023-12-04,4.28,13.08,120.4727
2023-12-05,4.18,12.85,120.7913
2023-12-06,4.12,12.97,120.5334
2023-12-07,4.14,13.06,120.6013
2023-12-08,4.23,12.35,120.7607
2023-12-11,4.23,12.63,120.9279
2023-12-12,4.2,12.07,120.6817
2023-12-13,4.04,12.19,121.1571
2023-12-14,3.92,12.48,119.5683
2023-12-15,3.91,12.28,119.7382
2023-12-18,3.95,12.56,119.9102
2023-12-19,3.93,12.53,119.4632
2023-12-20,3.86,13.67,119.5435
2023-12-21,3.89,13.65,119.3168
2023-12-22,3.9,13.03,119.0625
2023-12-26,3.89,12.99,118.8875
2023-12-27,3.79,12.43,118.4729
2023-12-28,3.84,12.47,118.4104
2023-12-29,3.88,12.45,118.4208
2024-01-02,3.95,13.2,119.2686
2024-01-03,3.91,14.04,119.6958
2024-01-04,3.99,14.13,119.6208
2024-01-05,4.05,13.35,119.388
2024-01-08,4.01,13.08,119.2506
2024-01-09,4.02,12.76,119.6666
2024-01-10,4.04,12.69,119.7614
2024-01-11,3.98,12.44,119.8916
2024-01-12,3.96,12.7,119.534
2024-01-16,4.07,13.84,120.5759
2024-01-17,4.1,14.79,121.0402
2024-01-18,4.14,14.13,120.8895
2024-01-19,4.15,13.3,120.6442
2024-01-22,4.11,13.19,120.6178
2024-01-23,4.14,12.55,121.1001
2024-01-24,4.18,13.14,120.4916
2024-01-25,4.14,13.45,120.8311
2024-01-26,4.15,13.26,120.6173
2024-01-29,4.08,13.6,120.8538
2024-01-30,4.06,13.31,120.6025
2024-01-31,3.99,14.35,120.4331
2024-02-01,3.87,13.88,120.3335
2024-02-02,4.03,13.85,120.902
2024-02-05,4.17,13.67,121.349
2024-02-06,4.09,13.06,120.9588
2024-02-07,4.09,12.83,120.9049
2024-02-08,4.15,12.79,121.0798
2024-02-09,4.17,12.93,121.039
2024-02-12,4.17,13.93,120.9378
2024-02-13,4.31,15.85,121.5202
2024-02-14,4.27,14.38,121.4002
2024-02-15,4.24,14.01,121.2121
2024-02-16,4.3,14.24,121.1505
2024-02-20,4.27,15.42,121.0199
2024-02-21,4.32,15.34,121.0379
2024-02-22,4.33,14.54,121.102
2024-02-23,4.26,13.75,121.0369
2024-02-26,4.28,13.74,121.0592
2024-02-27,4.31,13.43,120.9647
2024-02-28,4.27,13.84,121.128
2024-02-29,4.25,13.4,121.1824
2024-03-01,4.19,13.11,121.0111
2024-03-04,4.22,13.49,120.872
2024-03-05,4.13,14.46,120.8846
2024-03-06,4.11,14.5,120.4649
2024-03-07,4.09,14.44,120.1909
2024-03-08,4.09,14.74,119.975
2024-03-11,4.1,15.22,120.0394
2024-03-12,4.16,13.84,120.1668
2024-03-13,4.19,13.75,119.9642
2024-03-14,4.29,14.4,120.241
2024-03-15,4.31,14.41,120.4003
2024-03-18,4.34,14.33,120.5752
2024-03-19,4.3,13.82,120.9332
2024-03-20,4.27,13.04,120.9289
2024-03-21,4.27,12.92,120.8086
2024-03-22,4.22,13.06,121.1842
2024-03-25,4.25,13.19,121.0295
2024-03-26,4.24,13.24,121.0742
2024-03-27,4.2,12.78,121.0089
2024-03-28,4.2,13.01,121.0635
2024-04-01,4.33,13.65,121.5151
2024-04-02,4.36,14.61,121.3035
2024-04-03,4.36,14.33,121.0198
2024-04-04,4.31,16.35,120.7613
2024-04-05,4.39,16.03,120.9646
2024-04-08,4.42,15.19,120.7359
2024-04-09,4.36,14.98,120.7048
2024-04-10,4.55,15.8,121.5727
2024-04-11,4.56,14.91,121.6081
2024-04-12,4.5,17.31,122.2885
2024-04-15,4.63,19.23,122.425
2024-04-16,4.67,18.4,123.1234
2024-04-17,4.59,18.21,123.0207
2024-04-18,4.64,18.0,123.0017
2024-04-19,4.62,18.71,123.1075
2024-04-22,4.62,16.94,123.0609
2024-04-23,4.61,15.69,122.7227
2024-04-24,4.65,15.97,122.89
2024-04-25,4.7,15.37,122.8384
2024-04-26,4.67,15.03,122.9471
2024-04-29,4.63,14.67,122.5449
2024-04-30,4.69,15.65,122.9853
2024-05-01,4.63,15.39,123.0168
2024-05-02,4.58,14.68,122.4384
2024-05-03,4.5,13.49,122.1375
2024-05-06,4.49,13.49,121.8913
2024-05-07,4.47,13.23,122.093
2024-05-08,4.48,13.0,122.1926
2024-05-09,4.45,12.69,122.1634
2024-05-10,4.5,12.55,122.014
2024-05-13,4.48,13.6,122.0261
2024-05-14,4.45,13.42,121.9256
2024-05-15,4.36,12.45,121.3543
2024-05-16,4.38,12.42,121.2236
2024-05-17,4.42,11.99,121.2354
2024-05-20,4.44,12.15,121.2289
2024-05-21,4.41,11.86,121.3793
2024-05-22,4.43,12.29,121.5462
2024-05-23,4.47,12.77,121.7477
2024-05-24,4.46,11.93,121.6172
2024-05-28,4.54,12.92,121.43
2024-05-29,4.61,14.28,122.1641
2024-05-30,4.55,14.47,121.9601
2024-05-31,4.51,12.92,122.098
2024-06-03,4.41,13.11,122.3509
2024-06-04,4.33,13.16,122.7256
2024-06-05,4.29,12.63,122.5339
2024-06-06,4.28,12.58,122.3713
2024-06-07,4.43,12.22,123.549
2024-06-10,4.47,12.74,123.9125
2024-06-11,4.39,12.85,124.0349
2024-06-12,4.31,12.04,123.8295
2024-06-13,4.24,11.94,124.0235
2024-06-14,4.2,12.66,124.1694
2024-06-17,4.28,12.75,124.239
2024-06-18,4.22,12.3,123.9776
2024-06-20,4.25,13.28,124.192
2024-06-21,4.25,13.2,124.1086
2024-06-24,4.25,13.33,123.7125
2024-06-25,4.23,12.84,123.9417
2024-06-26,4.32,12.55,124.26
2024-06-27,4.29,12.24,124.3379
2024-06-28,4.36,12.44,124.2103
2024-07-01,4.48,12.22,124.4667
2024-07-02,4.43,12.03,124.2917
2024-07-03,4.36,12.09,123.7768
2024-07-05,4.28,12.48,123.4762
2024-07-08,4.28,12.37,123.3576
2024-07-09,4.3,12.51,123.4071
2024-07-10,4.28,12.85,123.1895
2024-07-11,4.2,12.92,122.769
2024-07-12,4.18,12.46,122.4404
2024-07-15,4.23,13.12,122.6347
2024-07-16,4.17,13.19,122.7264
2024-07-17,4.16,14.48,122.518
2024-07-18,4.2,15.93,122.7909
2024-07-19,4.25,16.52,123.147
2024-07-22,4.26,14.91,123.2172
2024-07-23,4.25,14.72,123.3843
2024-07-24,4.28,18.04,123.5575
2024-07-25,4.27,18.46,123.5286
2024-07-26,4.2,16.39,123.672
2024-07-29,4.17,16.6,124.1392
2024-07-30,4.15,17.69,124.2855
2024-07-31,4.09,16.36,123.6373
2024-08-01,3.99,18.59,123.8693
2024-08-02,3.8,23.39,123.4681
2024-08-05,3.78,38.57,123.5787
2024-08-06,3.9,27.71,123.6532
2024-08-07,3.96,27.85,123.5698
2024-08-08,3.99,23.79,123.4466
2024-08-09,3.94,20.37,122.9276
2024-08-12,3.9,20.71,123.2204
2024-08-13,3.85,18.12,123.0146
2024-08-14,3.83,16.19,122.4297
2024-08-15,3.92,15.23,122.5844
2024-08-16,3.89,14.8,122.3972
2024-08-19,3.86,14.65,121.8788
2024-08-20,3.82,15.88,121.7728
2024-08-21,3.79,16.27,121.8535
2024-08-22,3.86,17.55,122.3626
2024-08-23,3.81,15.86,121.4597
2024-08-26,3.82,16.15,121.6943
2024-08-27,3.83,15.43,121.8672
2024-08-28,3.84,17.11,121.8943
2024-08-29,3.87,15.65,122.2333
2024-08-30,3.91,15.0,122.3262
2024-09-03,3.84,20.72,122.7811
2024-09-04,3.77,21.32,122.5144
2024-09-05,3.73,19.9,122.4533
2024-09-06,3.72,22.38,122.4991
2024-09-09,3.7,19.45,122.7156
2024-09-10,3.65,19.08,123.0071
2024-09-11,3.65,17.69,122.7754
2024-09-12,3.68,17.07,122.4423
2024-09-13,3.66,16.56,121.6551
2024-09-16,3.63,17.14,121.4976
2024-09-17,3.65,17.61,121.6031
2024-09-18,3.7,18.23,121.5618
2024-09-19,3.73,16.33,121.3059
2024-09-20,3.73,16.15,121.4052
2024-09-23,3.75,15.89,121.4303
2024-09-24,3.74,15.39,121.1291
2024-09-25,3.79,15.41,121.4447
2024-09-26,3.79,15.37,121.0785
2024-09-27,3.75,16.96,121.1111
2024-09-30,3.81,16.73,121.2864
2024-10-01,3.74,19.26,121.6881
2024-10-02,3.79,18.9,121.5724
2024-10-03,3.85,20.49,122.1197
2024-10-04,3.98,19.21,122.2197
2024-10-07,4.03,22.64,122.4241
2024-10-08,4.04,21.42,122.6625
2024-10-09,4.06,20.86,122.8821
2024-10-10,4.09,20.93,123.0951
2024-10-11,4.08,20.46,122.9805
2024-10-14,4.08,19.7,122.9805
2024-10-15,4.03,20.64,123.5124
2024-10-16,4.02,19.58,123.9235
2024-10-17,4.09,19.11,124.1122
2024-10-18,4.08,18.03,123.9185
2024-10-21,4.19,18.37,124.4757
2024-10-22,4.2,18.2,124.4107
2024-10-23,4.24,19.24,124.6931
2024-10-24,4.21,19.08,124.5127
2024-10-25,4.25,20.33,124.6105
2024-10-28,4.28,19.8,124.8076
2024-10-29,4.28,19.34,124.8612
2024-10-30,4.29,20.35,124.8153
2024-10-31,4.28,23.16,124.7988
2024-11-01,4.37,21.88,124.8076
2024-11-04,4.31,21.98,124.5903
2024-11-05,4.26,20.49,124.5532
2024-11-06,4.42,16.27,125.7035
2024-11-07,4.31,15.2,124.775
2024-11-08,4.3,14.94,125.5811
2024-11-11,4.3,14.97,125.5811
2024-11-12,4.43,14.71,126.7762
2024-11-13,4.44,14.02,126.9572
2024-11-14,4.43,14.31,127.0015
2024-11-15,4.43,16.14,126.8848
2024-11-18,4.42,15.58,126.6045
2024-11-19,4.39,16.35,126.3994
2024-11-20,4.41,17.16,126.88
2024-11-21,4.43,16.87,127.1047
2024-11-22,4.41,15.24,127.4712
2024-11-25,4.27,14.6,126.9948
2024-11-26,4.3,14.1,127.4301
2024-11-27,4.25,14.1,126.8205
2024-11-29,4.18,13.51,126.5798
2024-12-02,4.19,13.34,127.1272
2024-12-03,4.23,13.3,126.9565
2024-12-04,4.19,13.45,126.7574
2024-12-05,4.17,13.54,126.4286
2024-12-06,4.15,12.77,126.688
2024-12-09,4.2,14.19,126.5981
2024-12-10,4.22,14.18,126.957
2024-12-11,4.26,13.58,126.8483
2024-12-12,4.32,13.92,126.9556
2024-12-13,4.4,13.81,127.3096
2024-12-16,4.39,14.69,127.2687
2024-12-17,4.4,15.87,127.5043
2024-12-18,4.5,27.62,127.6418
2024-12-19,4.57,24.09,128.6366
2024-12-20,4.52,18.36,127.893
2024-12-23,4.59,16.78,128.3021
2024-12-24,4.59,14.27,128.3377
2024-12-26,4.58,14.73,128.3329
2024-12-27,4.62,15.95,128.45
2024-12-30,4.55,17.4,128.8205
2024-12-31,4.58,17.35,129.2775
2025-01-02,4.57,17.93,129.4598
2025-01-03,4.6,16.13,129.4535
2025-01-06,4.62,16.04,128.538
2025-01-07,4.67,17.82,128.613
2025-01-08,4.67,17.7,129.0785
2025-01-10,4.77,19.54,129.8664
2025-01-13,4.79,19.19,130.0413
2025-01-14,4.78,18.71,129.3812
2025-01-15,4.66,16.12,129.2092
2025-01-16,4.61,16.6,129.436
2025-01-17,4.61,15.97,129.4859
2025-01-21,4.57,15.06,128.4151
2025-01-22,4.6,15.1,128.3402
2025-01-23,4.65,15.02,128.2162
2025-01-24,4.63,14.85,127.4611
2025-01-27,4.53,17.9,128.0912
2025-01-28,4.55,16.41,128.2817
2025-01-29,4.55,16.56,128.3418
2025-01-30,4.52,15.84,128.1004
2025-01-31,4.58,16.43,128.4828
2025-02-03,4.54,18.62,129.109
2025-02-04,4.52,17.21,128.1083
2025-02-05,4.43,15.77,127.9751
2025-02-06,4.45,15.5,128.2017
2025-02-07,4.49,16.54,128.4292
2025-02-10,4.51,15.81,128.6382
2025-02-11,4.54,16.02,128.4322
2025-02-12,4.62,15.89,128.3288
2025-02-13,4.52,15.1,127.8931
2025-02-14,4.47,14.77,127.1491
2025-02-18,4.55,15.35,127.2906
2025-02-19,4.53,15.27,127.7317
2025-02-20,4.5,15.66,127.1126
2025-02-21,4.42,18.21,127.1408
2025-02-24,4.4,18.98,127.1921
2025-02-25,4.3,19.43,127.3752
2025-02-26,4.25,19.1,127.2822
2025-02-27,4.29,21.13,127.9704
2025-02-28,4.24,19.63,128.2805
2025-03-03,4.16,22.78,127.75
2025-03-04,4.22,23.51,127.9966
2025-03-05,4.28,21.93,126.504
2025-03-06,4.29,24.87,126.1099
2025-03-07,4.32,23.37,125.9814
2025-03-10,4.22,27.86,126.268
2025-03-11,4.28,26.92,126.0457
2025-03-12,4.32,24.23,125.8664
2025-03-13,4.27,24.66,126.0031
2025-03-14,4.31,21.77,125.6942
2025-03-17,4.31,20.51,125.3688
2025-03-18,4.29,21.7,125.488
2025-03-19,4.25,19.9,125.8006
2025-03-20,4.24,19.8,125.985
2025-03-21,4.25,19.28,126.2679
2025-03-24,4.34,17.48,126.1956
2025-03-25,4.31,17.15,126.0535
2025-03-26,4.35,18.33,126.2364
2025-03-27,4.38,18.69,126.3626
2025-03-28,4.27,21.65,126.4187
2025-03-31,4.23,22.28,126.7075
2025-04-01,4.17,21.77,126.4338
2025-04-02,4.2,21.51,126.3811
2025-04-03,4.06,30.02,124.7316
2025-04-04,4.01,45.31,125.8129
2025-04-07,4.15,46.98,126.8282
2025-04-08,4.26,52.33,126.8668
2025-04-09,4.34,33.62,126.628
2025-04-10,4.4,40.72,125.089
2025-04-11,4.48,37.56,124.0163
2025-04-14,4.38,30.89,123.6598
2025-04-15,4.35,30.12,123.776
2025-04-16,4.29,32.64,123.2724
2025-04-17,4.34,29.65,123.1298
2025-04-21,4.42,33.82,122.3145
2025-04-22,4.41,30.57,122.4175
2025-04-23,4.4,28.45,123.0252
2025-04-24,4.32,26.47,122.9251
2025-04-25,4.29,24.84,122.8858
2025-04-28,4.23,25.15,122.7176
2025-04-29,4.19,24.17,122.5944
2025-04-30,4.17,24.7,122.5921
2025-05-01,4.25,24.6,123.1405
2025-05-02,4.33,22.68,122.4962
2025-05-05,4.36,23.64,122.2613
2025-05-06,4.3,24.76,122.0417
2025-05-07,4.26,23.55,122.117
2025-05-08,4.37,22.48,122.7568
2025-05-09,4.37,21.9,122.5191
2025-05-12,4.45,18.39,123.4863
2025-05-13,4.49,18.22,122.9583
2025-05-14,4.53,18.62,122.6746
2025-05-15,4.45,17.83,122.8174
2025-05-16,4.43,17.24,123.0737
2025-05-19,4.46,18.14,122.4186
2025-05-20,4.48,18.09,122.3199
2025-05-21,4.58,20.87,121.7496
2025-05-22,4.54,20.28,122.0429
2025-05-23,4.51,22.29,121.3837
2025-05-27,4.43,18.96,121.6099
2025-05-28,4.47,19.31,121.9888
2025-05-29,4.43,19.18,121.5617
2025-05-30,4.41,18.57,121.7674
2025-06-02,4.46,18.36,121.1881
2025-06-03,4.46,17.69,121.4592
2025-06-04,4.37,17.61,121.0539
2025-06-05,4.4,18.48,120.9596
2025-06-06,4.51,16.77,121.161
2025-06-09,4.49,17.16,120.9103
2025-06-10,4.47,16.95,121.0485
2025-06-11,4.41,17.26,120.587
2025-06-12,4.36,18.02,120.1723
2025-06-13,4.41,20.82,120.3245
2025-06-16,4.46,19.11,120.1565
2025-06-17,4.39,21.6,120.5048
2025-06-18,4.38,20.14,120.7305
2025-06-20,4.38,20.62,121.0408
2025-06-23,4.34,19.83,121.1694
2025-06-24,4.3,17.48,120.3645
2025-06-25,4.29,16.76,120.3336
2025-06-26,4.26,16.59,119.6451
2025-06-27,4.29,16.32,119.659
2025-06-30,4.24,16.73,119.4088
2025-07-01,4.26,16.83,119.3436
2025-07-02,4.3,16.64,119.3037
2025-07-03,4.35,16.38,119.2382
2025-07-07,4.4,17.79,119.6201
2025-07-08,4.42,16.81,119.8371
2025-07-09,4.34,15.94,119.7311
2025-07-10,4.35,15.78,119.8343
2025-07-11,4.43,16.4,119.9214
2025-07-14,4.43,17.2,120.2209
2025-07-15,4.5,17.38,120.5105
2025-07-16,4.46,17.16,120.4175
2025-07-17,4.47,16.52,120.6384
2025-07-18,4.44,16.41,120.356
2025-07-21,4.38,16.65,119.9961
2025-07-22,4.35,16.5,119.681
2025-07-23,4.4,15.37,119.5697
2025-07-24,4.43,15.39,119.5664
2025-07-25,4.4,14.93,119.9857
2025-07-28,4.42,15.03,120.6149
2025-07-29,4.34,15.98,120.9674
2025-07-30,4.38,15.48,121.4042
2025-07-31,4.37,16.72,121.721
2025-08-01,4.23,20.38,121.2122
2025-08-04,4.22,17.52,120.9859
2025-08-05,4.22,17.85,120.9082
2025-08-06,4.22,16.77,120.5082
2025-08-07,4.23,16.57,120.5043
2025-08-08,4.27,15.15,120.3329
2025-08-11,4.27,16.25,120.6892
2025-08-12,4.29,14.73,120.2736
2025-08-13,4.24,14.49,120.13
2025-08-14,4.29,14.83,120.6446
2025-08-15,4.33,15.09,120.3377
2025-08-18,4.34,14.99,120.5622
2025-08-19,4.3,15.57,120.7224
2025-08-20,4.29,15.69,120.7757
2025-08-21,4.33,16.6,121.0843
2025-08-22,4.26,14.22,120.2774
2025-08-25,4.28,14.79,120.4214
2025-08-26,4.26,14.62,120.5274
2025-08-27,4.24,14.85,120.7274
2025-08-28,4.22,14.43,120.2595
2025-08-29,4.23,15.36,120.2082
2025-09-02,4.28,17.17,120.6837
2025-09-03,4.22,16.35,120.5052
2025-09-04,4.17,15.3,120.7629
2025-09-05,4.1,15.18,120.1282
2025-09-08,4.05,15.11,120.0971
2025-09-09,4.08,15.04,120.1569
2025-09-10,4.04,15.35,120.1223
2025-09-11,4.01,14.71,119.9534
2025-09-12,4.06,14.76,120.0611
2025-09-15,4.05,15.69,119.5644
2025-09-16,4.04,16.36,119.1348
2025-09-17,4.06,15.72,119.1582
2025-09-18,4.11,15.7,119.6616
2025-09-19,4.14,15.45,119.7858
2025-09-22,4.15,16.1,119.8152
2025-09-23,4.12,16.64,119.6202
2025-09-24,4.16,16.18,120.1707
2025-09-25,4.18,16.74,120.5419
2025-09-26,4.2,15.29,120.4349
2025-09-29,4.15,16.12,120.115
2025-09-30,4.16,16.28,120.1368
2025-10-01,4.12,16.29,120.1502
2025-10-02,4.1,16.63,120.4296
2025-10-03,4.13,16.65,120.0881
2025-10-06,4.18,16.37,120.2722
2025-10-07,4.14,17.24,120.4884
2025-10-08,4.13,16.3,120.7766
2025-10-09,4.14,16.43,121.0902
2025-10-10,4.05,21.66,121.1163
2025-10-13,4.05,19.03,121.1163
2025-10-14,4.03,20.81,121.1822
2025-10-15,4.05,20.64,120.8642
2025-10-16,3.99,25.31,120.6698
2025-10-17,4.02,20.78,120.7028
2025-10-20,4.0,18.23,120.6209
2025-10-21,3.98,17.87,120.8895
2025-10-22,3.97,18.6,120.8958
2025-10-23,4.01,17.3,120.9531
2025-10-24,4.02,16.37,120.9345
2025-10-27,4.01,15.79,120.7988
2025-10-28,3.99,16.42,120.6361
2025-10-29,4.08,16.92,120.5312
2025-10-30,4.11,16.91,121.2832
2025-10-31,4.11,17.44,121.3859
2025-11-03,4.13,17.17,121.4512
2025-11-04,4.1,19.0,121.8271
2025-11-05,4.17,18.01,121.8482
2025-11-06,4.11,19.5,121.6948
2025-11-07,4.11,19.08,121.388
2025-11-10,4.13,17.6,121.2984
2025-11-11,4.13,17.28,121.2984
2025-11-12,4.08,17.51,121.0458
2025-11-13,4.11,20.0,120.7725
2025-11-14,4.14,19.83,120.9666
2025-11-17,4.13,22.38,121.1146
2025-11-18,4.12,24.69,121.2127
2025-11-19,4.13,23.66,121.4978
2025-11-20,4.1,26.42,121.6889
2025-11-21,4.06,23.43,121.8653
2025-11-24,4.04,20.52,121.9171
2025-11-25,4.01,18.56,121.6335
2025-11-26,4.0,17.19,121.2437
2025-11-28,4.02,16.35,121.0527
2025-12-01,4.09,17.24,120.9862
2025-12-02,4.09,16.59,121.1467
2025-12-03,4.06,16.08,120.7336
2025-12-04,4.11,15.78,120.6766
2025-12-05,4.14,15.41,120.6863
2025-12-08,4.17,16.66,120.776
2025-12-09,4.18,16.93,120.6832
2025-12-10,4.13,15.77,120.6752
2025-12-11,4.14,14.85,119.98
2025-12-12,4.19,15.74,120.1442
2025-12-15,4.18,16.5,119.9561
2025-12-16,4.15,16.48,119.8902
2025-12-17,4.16,17.62,120.155
2025-12-18,4.12,16.87,120.0528
2025-12-19,4.16,14.91,120.1652
2025-12-22,4.17,14.08,119.9912
2025-12-23,4.18,14.0,119.7057
2025-12-24,4.15,13.47,119.4372
2025-12-26,4.14,13.6,119.4723
2025-12-29,4.12,14.2,119.5899
2025-12-30,4.14,14.33,119.4939
2025-12-31,4.18,14.95,119.7456
2026-01-02,4.19,14.51,119.6059
2026-01-05,4.17,14.9,119.6192
2026-01-06,4.18,14.75,119.7807
2026-01-07,4.15,15.38,119.8719
2026-01-08,4.19,15.45,120.0904
2026-01-09,4.18,14.49,120.2215
2026-01-12,4.19,15.12,119.9958
2026-01-13,4.18,15.98,120.1401
2026-01-14,4.15,16.75,119.9537
2026-01-15,4.17,15.84,119.9951
2026-01-16,4.24,15.86,120.0838
2026-01-20,4.3,20.09,119.4455
2026-01-21,4.26,16.9,119.3431
2026-01-22,4.26,15.64,119.1962
2026-01-23,4.24,16.09,118.8976
2026-01-26,4.22,16.15,118.0525
2026-01-27,4.24,16.35,117.4523
2026-01-28,4.26,16.35,117.5117
2026-01-29,4.24,16.88,117.4396
2026-01-30,4.26,17.44,117.8996
2026-02-02,4.29,16.34,118.3609
2026-02-03,4.28,18.0,117.9764
2026-02-04,4.29,18.64,118.2602
2026-02-05,4.21,21.77,118.5034
2026-02-06,4.22,17.76,118.2407
2026-02-09,4.22,17.36,117.6392
2026-02-10,4.16,17.79,117.5216
2026-02-11,4.18,17.65,117.4601
2026-02-12,4.09,20.82,117.5376
2026-02-13,4.04,20.6,117.5258
2026-02-17,4.05,20.29,117.7375
2026-02-18,4.09,19.62,117.8426
2026-02-19,4.08,20.23,118.2354
2026-02-20,4.08,19.09,117.9917
2026-02-23,4.03,21.01,117.9395
2026-02-24,4.04,19.55,117.9463
2026-02-25,4.05,17.93,117.769
2026-02-26,4.02,18.63,117.9042
2026-02-27,3.97,19.86,117.8223
2026-03-02,4.05,21.44,118.667
2026-03-03,4.06,23.57,119.4341
2026-03-04,4.09,21.15,119.0705
2026-03-05,4.13,23.75,119.5683
2026-03-06,4.15,29.49,119.491
2026-03-09,4.12,25.5,119.5151
2026-03-10,4.15,24.93,118.7255
2026-03-11,4.21,24.23,119.2885
2026-03-12,4.27,27.29,119.8227
2026-03-13,4.28,27.19,120.5518
2026-03-16,4.23,23.51,120.097
2026-03-17,4.2,22.37,119.8328
2026-03-18,4.26,25.09,119.9276
2026-03-19,4.25,24.06,120.1802
2026-03-20,4.39,26.78,120.2757
2026-03-23,4.34,26.15,119.9371
2026-03-24,4.39,26.95,120.1295
2026-03-25,4.33,25.33,120.1282
2026-03-26,4.42,27.44,120.389
2026-03-27,4.44,31.05,120.8851
2026-03-30,4.35,30.61,121.2851
2026-03-31,4.3,25.25,121.035
2026-04-01,4.33,24.54,120.1198
2026-04-02,4.31,23.87,120.503
2026-04-06,4.34,24.17,120.4302
2026-04-07,4.33,25.78,120.32
2026-04-08,4.29,21.04,119.0596
2026-04-09,4.29,19.49,118.8998
2026-04-10,4.31,19.23,118.8552
2026-04-13,4.3,19.12,118.9916
2026-04-14,4.26,18.36,118.3581
2026-04-15,4.29,18.17,118.3623
2026-04-16,4.32,17.94,118.3616
2026-04-17,4.26,17.48,118.0795
2026-04-20,4.26,18.87,118.2374
2026-04-21,4.3,19.5,118.4331
2026-04-22,4.3,18.92,118.6004
2026-04-23,4.34,19.31,118.7155
2026-04-24,4.31,18.71,118.7294
2026-04-27,4.35,18.02,118.5458
2026-04-28,4.36,17.83,118.7717
2026-04-29,4.42,18.81,119.0975
2026-04-30,4.4,16.89,118.671
2026-05-01,4.39,16.99,118.3926
2026-05-04,4.45,18.29,118.8264
2026-05-05,4.43,17.38,118.6207
2026-05-06,4.36,17.39,118.0982
2026-05-07,4.41,17.08,118.0116
2026-05-08,4.38,17.19,118.0392
2026-05-11,4.42,18.38,118.0562
2026-05-12,4.46,17.99,118.5238
2026-05-13,4.46,17.87,118.4737
2026-05-14,4.47,17.26,118.6696
2026-05-15,4.59,18.43,119.2825
2026-05-18,4.61,17.82,119.0574
2026-05-19,4.67,18.06,119.451
2026-05-20,4.57,17.44,119.1624
2026-05-21,4.57,16.76,119.369
2026-05-22,4.56,16.7,119.2868
2026-05-26,4.5,17.01,119.1696
2026-05-27,4.48,16.29,119.1829
2026-05-28,4.45,15.74,119.0318
2026-05-29,4.45,15.32,118.8783
2026-06-01,4.47,16.05,119.1653
2026-06-02,4.46,15.77,119.0359
2026-06-03,4.49,16.06,119.3848
2026-06-04,4.47,15.4,119.3615
2026-06-05,4.55,21.51,120.0831
2026-06-08,4.56,18.92,120.034
2026-06-09,4.53,19.87,119.9617
2026-06-10,4.55,22.22,119.9134
2026-06-11,4.45,19.44,120.1174
2026-06-12,4.48,17.68,119.5073
2026-06-15,4.47,16.2,119.3158
2026-06-16,4.43,16.41,119.256
2026-06-17,4.49,18.44,119.3871
2026-06-18,4.46,16.4,120.3958
2026-06-22,4.51,17.28,120.5463
2026-06-23,4.5,19.49,121.0552
2026-06-24,4.41,18.63,121.412
2026-06-25,4.4,18.89,121.0559
2026-06-26,4.38,18.41,120.8866
2026-06-29,4.38,17.65,120.9525
2026-06-30,4.44,16.45,120.9248
2026-07-01,4.48,16.59,121.1455
2026-07-02,4.49,16.15,120.6902
2026-07-06,4.48,15.57,120.835
2026-07-07,4.55,16.13,120.8145
2026-07-08,4.56,16.9,121.1307
2026-07-09,4.54,15.84,120.753
2026-07-10,4.56,15.03,120.5046
2026-07-13,4.62,17.16,120.7413
2026-07-14,4.58,16.5,120.4728
2026-07-15,4.55,15.67,120.3088
2026-07-16,4.57,16.73,120.331
2026-07-17,4.55,18.77,120.5315
2026-07-20,4.6,18.65,120.5401
2026-07-21,4.63,17.05,120.5779
2026-07-22,4.67,16.64,120.5736
2026-07-23,4.71,18.7,120.9075
2026-07-24,4.69,18.58,120.7105
2026-07-27,4.65,18.67,120.7739
2026-07-28,4.61,18.21,120.6247
2026-07-29,4.67,20.66,120.7892
2026-07-30,4.68,17.09,119.6753
2026-07-31,4.75,15.99,119.7034
2026-08-03,4.7,15.86,119.6951
2026-08-04,4.63,16.5,119.5977
2026-08-05,4.63,15.81,119.3881
2026-08-06,4.69,15.15,119.5113
2026-08-07,4.65,14.9,119.0649
2026-08-10,4.72,15.46,119.1187
2026-08-11,4.7,15.28,119.179
2026-08-12,4.68,14.55,119.1179
2026-08-13,4.63,14.63,119.1848
2026-08-14,4.68,14.25,118.9028
2026-08-17,4.72,15.19,118.814
2026-08-18,4.71,15.84,118.9831
2026-08-19,4.65,14.89,118.3328
2026-08-20,4.69,16.01,118.2548
2026-08-21,4.74,15.13,118.0628
2026-08-24,4.7,15.85,118.3195
2026-08-25,4.64,15.45,118.2283
2026-08-26,4.66,15.21,118.4461
2026-08-27,4.67,14.51,118.3583
2026-08-28,4.73,14.43,118.7479
2026-08-31,4.75,14.92,118.5679
2026-09-01,4.79,16.34,118.6568
2026-09-02,4.79,15.2,118.5296
2026-09-03,4.77,14.32,118.127
2026-09-04,4.78,14.53,118.0732
2026-09-08,4.78,15.72,118.0732
2026-09-09,4.78,15.72,118.0732
