date,port_return,port_index,port_drawdown
2021-10-07,0.004715162743577978,100.4715162743578,0.0
2021-10-08,-0.0006498400109547128,100.40622586312142,-0.0006498400109548053
2021-10-11,-0.004902575913857288,99.91397671860356,-0.005549230034826547
2021-10-12,-0.0013433845676303717,99.77975382418921,-0.00688515985246585
2021-10-13,0.01040169714265279,100.81763260443691,0.0
2021-10-14,0.019222978227597293,102.7556477609499,0.0
2021-10-15,0.01600679996507421,104.40043685994105,0.0
2021-10-18,0.008650456332258373,105.30354828006668,0.0
2021-10-19,0.009404103594520338,106.29383375696297,0.0
2021-10-20,0.009084676914677244,107.25947889466741,0.0
2021-10-21,0.01024369367124882,108.35821213980216,0.0
2021-10-22,-0.010004820872773842,107.2741076372494,-0.01000482087277399
2021-10-25,0.02067767751287492,109.49228704045389,0.0
2021-10-26,-0.003421431745107876,109.11766665372922,-0.0034214317451078946
2021-10-27,-0.007254687537988531,108.32605207728203,-0.010651297864852971
2021-10-28,0.019854990950369387,110.4768648609657,0.0
2021-10-29,0.011950484156940857,111.79711688419518,0.0
2021-11-01,0.0031562244905564262,112.14997368247867,0.0
2021-11-02,0.014026706837054148,113.72306848510614,0.0
2021-11-03,0.01712590095172499,115.6706784919083,0.0
2021-11-04,0.02096780159294755,118.09603832864826,0.0
2021-11-05,-0.0015647251259953575,117.9112504901949,-0.0015647251259954809
2021-11-08,0.019665263013504766,120.23000624333584,0.0
2021-11-09,-0.010067052101686957,119.01964450629802,-0.010067052101687013
2021-11-10,-0.02138852289954208,116.47399011427973,-0.03124025562682109
2021-11-11,0.00854294855463513,117.46902141977908,-0.022964190968839726
2021-11-12,0.006509437747341011,118.23367870195219,-0.016604237193028504
2021-11-15,0.0007835991504256093,118.32632651213473,-0.01583364910876084
2021-11-16,0.0011971969889292278,118.46798643394611,-0.014655408116868385
2021-11-17,0.001977550521985283,118.7022628623571,-0.01270683940485462
2021-11-18,-0.0032008291258315835,118.32231720208515,-0.01586699610902187
2021-11-19,0.016381048379210134,120.26056080451275,0.0
2021-11-22,-0.015211893333371454,118.43116998134306,-0.015211893333371584
2021-11-23,-0.0021498550766008585,118.17656012933091,-0.017329045043864788
2021-11-24,0.003224631692169898,118.55763601039556,-0.014160293139538482
2021-11-26,-0.028707765499919227,115.15411119758434,-0.04246154826459769
2021-11-29,0.03843263080538627,119.5797866389635,-0.0056608264670898745
2021-11-30,-0.01264924220408458,118.06719295505448,-0.01823846350611702
2021-12-01,-0.018559606112733235,115.87591235897258,-0.036459570920075346
2021-12-02,0.00545722072123497,116.50827278898997,-0.031201318124752797
2021-12-03,-0.03127943177386184,112.86396021919627,-0.0615047903970769
2021-12-06,-8.82101273430395e-05,112.85400447489289,-0.06158757517902691
2021-12-07,0.028064376668167343,116.02118176498732,-0.03525161541876287
2021-12-08,0.003834892773150701,116.46611055647027,-0.03155190881082348
2021-12-09,-0.026573241692125667,113.37122845171135,-0.05728671400427132
2021-12-10,0.011833245576375865,114.71277803927586,-0.046131356182971595
2021-12-13,-0.020536566043114317,112.35697149708317,-0.06572054258317583
2021-12-14,-0.012304223676676718,110.97450618814906,-0.0772161260037566
2021-12-15,0.042481329498956034,115.68885075151177,-0.038015040196198946
2021-12-16,-0.032648939866063945,111.9117324201516,-0.06942282930089139
2021-12-17,-0.010192607830914056,110.77106001991481,-0.07890783745822882
2021-12-20,-0.009814249791870535,109.6839251671691,-0.08794766602274795
2021-12-21,0.025581875298855434,112.48984566308462,-0.06461565694891169
2021-12-22,0.007975104024002132,113.38696388389167,-0.05715586951065632
2021-12-23,0.015893361146296896,115.18906385018046,-0.04217090724012307
2021-12-27,0.016022112587896112,117.03463600008241,-0.026824461675961864
2021-12-28,-0.017457390914572175,114.99151660888431,-0.04381356747698384
2021-12-29,-0.009030615994828461,113.95307237972654,-0.052448519968564145
2021-12-30,-0.0022422484433525175,113.69756128056785,-0.054573165799661094
2021-12-31,-0.009087542323382122,112.66432988036534,-0.06316477216911798
2022-01-03,0.01813378754099328,114.70736090186426,-0.04617640118671473
2022-01-04,-0.011829948543843418,113.35037872479512,-0.057460085280579554
2022-01-05,-0.04327678832034803,108.44493837869089,-0.09825018565337074
2022-01-06,-0.006066798355029651,107.78702480492375,-0.10372091994369725
2022-01-07,-0.021844669046777246,105.43245292052342,-0.12329983982107717
2022-01-10,0.004742978840084616,105.93251681378366,-0.1191416695122498
2022-01-11,0.016877902706194943,107.72043552598906,-0.10427462831233636
2022-01-12,0.012836142446542187,109.10315038080422,-0.09277696984837147
2022-01-13,-0.031049469022717022,105.7155554927746,-0.12094576321976003
2022-01-14,0.011917035236333078,106.97537149261053,-0.11047004290540186
2022-01-18,-0.0279865222214324,103.98150288118661,-0.13536489281625952
2022-01-19,-0.016506486195067147,102.26513363933599,-0.1496369802767583
2022-01-20,-0.02305204401032157,99.90771327796058,-0.1692395860321685
2022-01-21,-0.05205790765657546,94.7067267659569,-0.2124872349472442
2022-01-24,-0.007984799080793518,93.95051258113112,-0.21877536614975068
2022-01-25,-0.02101031628565353,91.97658259660228,-0.23518914279708825
2022-01-26,0.0020989722113495934,92.16963888756744,-0.23358382606088102
2022-01-27,-0.017446313134771088,90.56161850601617,-0.246954962622976
2022-01-28,0.02889383549541571,93.17829101332761,-0.225196603192365
2022-01-31,0.04878227273920398,97.72373981891268,-0.1873999325700333
2022-02-01,0.016707022297619476,99.35641251907403,-0.17382380512443363
2022-02-02,0.0004770995107223218,99.403815414874,-0.17342963686608803
2022-02-03,-0.0438222456053829,95.04771700165125,-0.2096518063294729
2022-02-04,0.03522592520631894,98.39586077178278,-0.18181105997228564
2022-02-07,-0.0015039459256615355,98.2478787178731,-0.18304157189506154
2022-02-08,0.0076860192838176,99.00301380829283,-0.17676241366256984
2022-02-09,0.023533305137422703,101.33288194176787,-0.1573889123426957
2022-02-10,-0.03159745988374036,98.13102026970904,-0.18401328238254233
2022-02-11,-0.04435512895500558,93.77840621115983,-0.22020647846803643
2022-02-14,0.0038677235976389956,94.14111516581171,-0.21719045266352122
2022-02-15,0.03860116310351436,97.77507170707395,-0.18697309364779746
2022-02-16,-0.008532323769585971,96.9408231386747,-0.19391010244617934
2022-02-17,-0.04514901532511356,92.56404042915756,-0.23030426758425604
2022-02-18,-0.015446114834246924,91.13428563116692,-0.2421930762545793
2022-02-22,-0.01738949390978087,89.5495065262115,-0.2553709551398402
2022-02-23,-0.027179905644155487,87.1155593883484,-0.2756099023190368
2022-02-24,0.04496533258099373,91.0327394892248,-0.2430374606584338
2022-02-25,0.0197152714343291,92.82747465766545,-0.22811373872969565
2022-02-28,0.020739160882772858,94.75263858893229,-0.21210546537400887
2022-03-01,-0.016377584033769616,93.20081928802065,-0.22500927432459372
2022-03-02,0.016827957572347705,94.76919872070752,-0.21196776327396494
2022-03-03,-0.025327051848082198,92.36897431110695,-0.23192629659148545
2022-03-04,-0.02385514084995162,90.16549941874993,-0.2502488029694395
2022-03-07,-0.04304882469288174,86.28398064092603,-0.28252471081368646
2022-03-08,0.0017896117823426902,86.43839546930845,-0.28124070858261896
2022-03-09,0.04714884587617924,90.51386605507511,-0.24735203752950896
2022-03-10,-0.019098043765308666,88.785228279788,-0.26172614125664084
2022-03-11,-0.022850144927275082,86.75647294619364,-0.27859580592494526
2022-03-14,-0.01916963030957071,85.09338343285283,-0.29242485762913784
2022-03-15,0.03211936257197254,87.8265286678085,-0.26969799508441317
2022-03-16,0.04197039758465259,91.51264299447631,-0.23904692958123708
2022-03-17,0.010130595784956904,92.43972058986641,-0.2313380216135028
2022-03-18,0.02555547765634172,94.80206180395922,-0.21169449759956716
2022-03-21,-0.0032991871598905143,94.48929205892446,-0.2142952649911577
2022-03-22,0.021184499073006482,96.49100037895579,-0.19765050376070603
2022-03-23,-0.011791221310922521,95.35325363897522,-0.20711118423957064
2022-03-24,0.03338887521204628,98.53699152578957,-0.18063751851311838
2022-03-25,-0.0030130708796625655,98.24009258605366,-0.18310631574597458
2022-03-28,0.02674918474105148,100.86793497161601,-0.16125507567206554
2022-03-29,0.01928922875603804,102.81359964343268,-0.14507633295873812
2022-03-30,-0.011645996372641762,101.61623283492702,-0.15503277088398637
2022-03-31,-0.01912412579459714,99.67291121541881,-0.17119203046591314
2022-04-01,0.004700387130895668,100.14141248459467,-0.1672963121519313
2022-04-04,0.025313406036601403,102.676332719896,-0.14621774559325773
2022-04-05,-0.029142145022964052,99.68412414134667,-0.17109879186921229
2022-04-06,-0.03921496007775354,95.77501519275793,-0.2036041196544628
2022-04-07,0.0041584877747096495,96.17329442255965,-0.20029231712221673
2022-04-08,-0.02217946385126275,94.04022231545764,-0.2180294047661816
2022-04-11,-0.03386739357717341,90.85532509421515,-0.24451271068074198
2022-04-12,-0.00034767488336597446,90.82373697965984,-0.24477537463594046
2022-04-13,0.01956107654599701,92.60034705091246,-0.23000236792977224
2022-04-14,-0.029554324897637943,89.86360630853576,-0.25275912811838763
2022-04-18,0.008667944468829255,90.64253905778689,-0.24628208573607824
2022-04-19,0.02457121658967439,92.8697365172138,-0.22776231961718174
2022-04-20,-0.03650534712111624,89.47949454860631,-0.25595312419956207
2022-04-21,-0.02640496239393134,87.11679186002237,-0.2755996539743948
2022-04-22,-0.02205214454050143,85.19567977402039,-0.2915742351101406
2022-04-25,0.012497877872479727,86.26044497509899,-0.28272041641882906
2022-04-26,-0.0476159718403595,82.1530700562278,-0.3168743808722948
2022-04-27,0.0010227736069290086,82.23709404800951,-0.31617569801883394
2022-04-28,0.04555682736519409,85.9835551445699,-0.28502283234535364
2022-04-29,-0.047234124926747466,81.9221971592254,-0.31879415320212534
2022-05-02,0.021860314624075814,83.71304216382165,-0.30390277906736374
2022-05-03,-0.0017174483901012765,83.56926933432692,-0.3050982901188084
2022-05-04,0.04301708790825477,87.16417593971028,-0.27520564217725263
2022-05-05,-0.06060847595558733,81.88128807807976,-0.31913432358609806
2022-05-06,-0.011827848311819248,80.91280862311586,-0.32718749952744586
2022-05-09,-0.06906823043105483,75.32430411231066,-0.37365746834697844
2022-05-10,0.02430876779935662,77.15534513062494,-0.358431853182164
2022-05-11,-0.05473574446398804,72.93218987552424,-0.39354856332261934
2022-05-12,-0.00910289860707134,72.26829554589567,-0.39906902926080634
2022-05-13,0.04351817039881914,75.41327954589418,-0.3729176128782503
2022-05-16,-0.004411999019003219,75.08055623051789,-0.3756842997550657
2022-05-17,0.03395357466310885,77.62980950223852,-0.3544865500134482
2022-05-18,-0.06059279719591583,72.92600219871179,-0.39360001557571933
2022-05-19,0.0041660656231039045,73.22981670950224,-0.39107371344675856
2022-05-20,-0.009266244514421072,72.55125132212576,-0.39671617330921927
2022-05-23,0.009917460205987414,73.27077547000755,-0.39073312996509757
2022-05-24,-0.02409820712809589,71.5050811462951,-0.4054153691954854
2022-05-25,0.013390455310369297,72.46256673984888,-0.39745361026846515
2022-05-26,0.01804806545898426,73.77037588769569,-0.38657881358451573
2022-05-27,0.0235867860477008,75.51038196041723,-0.37211017930340695
2022-05-31,0.018801107858259367,76.93006079607339,-0.36030515506138727
2022-06-01,-0.014662667938654363,75.80206086012008,-0.3696847881547911
2022-06-02,0.036216755245901594,78.54736554542599,-0.3468568163996245
2022-06-03,-0.033840987356934214,75.88924514108274,-0.36895982661811255
2022-06-06,0.01498442407927166,77.02640177333252,-0.35950405304910127
2022-06-07,0.00021306906744037826,77.04281371692666,-0.3593675831749851
2022-06-08,-0.010888094740437004,76.20396426210692,-0.366342849623171
2022-06-09,-0.021612712898840123,74.55698986075653,-0.38003789969056256
2022-06-10,-0.04449757294530303,71.2393847658453,-0.40762470847240506
2022-06-13,-0.08754067934774229,65.003040627128,-0.45948164392154756
2022-06-14,0.010402555158636294,65.67923834273077,-0.4538588719081861
2022-06-15,0.0346944322191228,67.95794222561625,-0.4349108155575294
2022-06-16,-0.05971572291974473,63.89978457747534,-0.4686555247206404
2022-06-17,0.00854966124694265,64.44610608936536,-0.46411270945156746
2022-06-21,0.02972381614077942,66.36169029775482,-0.4481840941551254
2022-06-22,-0.010385058949901833,65.6725202319975,-0.453914734866818
2022-06-23,0.023114823752615,67.19052896255016,-0.44129207020936445
2022-06-24,0.04770461402516519,70.3958272128553,-0.4146391240659032
2022-06-27,-0.015176540434604209,69.32746209473198,-0.42352287706835234
2022-06-28,-0.037790939684481065,66.70751215623181,-0.44530848925054545
2022-06-29,-0.008031552388146741,66.1717472776661,-0.44976352317838997
2022-06-30,-0.015911735417173875,65.1188399428918,-0.4585187404144533
2022-07-01,-0.004594235473829323,64.81966865841154,-0.461006432825655
2022-07-05,0.03074688428839284,66.81267151026368,-0.44443405998355734
2022-07-06,0.01145136022080859,67.57776747904228,-0.43807207427801687
2022-07-07,0.03263378912649571,69.7830860925927,-0.41973423684571654
2022-07-08,-0.0005596078794528428,69.74403492776274,-0.42005895813895444
2022-07-11,-0.04094660814074699,66.88825325942108,-0.44380557672477516
2022-07-12,-0.016231284539609408,65.80257098840995,-0.45283332666829934
2022-07-13,0.011415468685253012,66.55373817693729,-0.44658716264326725
2022-07-14,0.011360162849853504,67.3097994808938,-0.44030030268769527
2022-07-15,0.024675055424047007,68.97067251366633,-0.426489681635692
2022-07-18,0.027124620391678456,70.84147582375829,-0.4109334319593496
2022-07-19,0.03476007624166924,73.30393092446451,-0.390457433142838
2022-07-20,0.018050827898763198,74.62712756588485,-0.3794546851715289
2022-07-21,0.02058192552241431,76.1630975473976,-0.36668266771844626
2022-07-22,-0.025110877704180332,74.25057531931334,-0.38258582179730605
2022-07-25,-0.020056814979141264,72.76134526803908,-0.3949691837350161
2022-07-26,-0.022365266070911063,71.13401842144197,-0.4085008589218829
2022-07-27,0.06008808514677447,75.40832537718178,-0.3729588081685371
2022-07-28,0.011710191828719876,76.29137133283112,-0.3656160355276815
2022-07-29,0.010114310439312078,77.0630059463322,-0.359199679173287
2022-08-01,-0.0013223060334484368,76.96110506861369,-0.3600470133037519
2022-08-02,-0.006678908306626374,76.44708890468378,-0.36432120062244777
2022-08-03,0.018537732781874934,77.86424461075104,-0.3525371569044836
2022-08-04,0.008574042653229407,78.53185596520511,-0.34698578287140147
2022-08-05,-0.0007894443068541504,78.46985943860669,-0.3475013012274085
2022-08-08,-0.0001961069283982517,78.45447095550034,-0.3476292607430087
2022-08-09,-0.021778096369913926,76.74588192638085,-0.36183665357145933
2022-08-10,0.03883718888206612,79.72647623867644,-0.33705218314860275
2022-08-11,-0.004501213619723505,79.36761033797835,-0.3400362528909803
2022-08-12,0.02727717829054234,81.53253479566168,-0.32203430409579314
2022-08-15,0.0012980494881319842,81.63836806071929,-0.3211542710712536
2022-08-16,-0.0068091598566225355,81.08247936216006,-0.32577664015751495
2022-08-17,-0.017792006179904302,79.63985938826656,-0.33777242634246807
2022-08-18,0.006145500198093524,80.12928615991328,-0.3337027066573729
2022-08-19,-0.03882659796176338,77.01813858121925,-0.35957276378899805
2022-08-22,-0.02791899655761169,74.86786943529653,-0.37745284959217384
2022-08-23,0.0014334396501206048,74.97518800786513,-0.37656046582270963
2022-08-24,0.0013882720460689194,75.07927396552522,-0.3756949621449971
2022-08-25,0.01845886050679493,76.46515181060629,-0.3641710025375422
2022-08-26,-0.0559835074665771,72.18436441328426,-0.399766939964448
2022-08-29,-0.008375931288363954,71.57975313686437,-0.40479445083231014
2022-08-30,-0.014767167827239192,70.52272290925994,-0.4135839510685735
2022-08-31,-0.003957992699474111,70.24359448683805,-0.4159049815090986
2022-09-01,-0.0028687843685222445,70.04208076098539,-0.417580624167877
2022-09-02,-0.012143914769563767,69.19149570194108,-0.4246534754281248
2022-09-06,-0.013803361424178127,68.23642047928773,-0.43259519145093517
2022-09-07,0.02329327044850333,69.82586987594958,-0.4193784777916204
2022-09-08,0.008654207795613303,70.43015746336549,-0.4143536584878239
2022-09-09,0.03323662535038024,72.77101822034365,-0.394888750447163
2022-09-12,0.015573299470838754,73.90430307988693,-0.3854651717447031
2022-09-13,-0.06815946132126251,68.86702559263853,-0.4273515346017386
2022-09-14,0.007855380941297032,69.40800231296276,-0.42285316276058604
2022-09-15,-0.028078467760175623,67.45913195772005,-0.43905856162290025
2022-09-16,-0.006829566785215562,66.99841531074213,-0.4428895486388915
2022-09-19,0.004628264307698564,67.3085016849972,-0.4403110942214111
2022-09-20,-0.016303202500830907,66.21115755199916,-0.449435815789788
2022-09-21,-0.01882147222556167,64.96496608911193,-0.45979824429128946
2022-09-22,-0.0010128610809241817,64.89916560333671,-0.46034539362549365
2022-09-23,-0.015678772126157297,63.88162637466426,-0.46880651522567063
2022-09-26,-0.009118196376591718,63.29914116052401,-0.473650041733809
2022-09-27,-0.00016548572526371553,63.28866605624049,-0.47373714513839527
2022-09-28,0.01897893460297265,64.48981751043125,-0.4637492368320032
2022-09-29,-0.026396557174948314,62.78750835531517,-0.4779044107620769
2022-09-30,-0.014471434891778002,61.87888301613425,-0.485459883089018
2022-10-03,0.019754915939036118,63.10129514851944,-0.4752951863321797
2022-10-04,0.03405586439220693,65.25026429907004,-0.4574259103519702
2022-10-05,-0.0010536179423746295,65.18151544985984,-0.45799757614789105
2022-10-06,-0.005786349519521876,64.80435241925485,-0.4611337916127273
2022-10-07,-0.04544760079318251,61.85915008084384,-0.485623967932448
2022-10-10,-0.017318150911664713,60.78786398447647,-0.4945320096811371
2022-10-11,-0.01824514987962898,59.6787802952172,-0.5037543489238596
2022-10-12,0.004594081561342198,59.95294947937485,-0.5014745559283544
2022-10-13,0.02208084676173751,61.27676136974311,-0.49046669199098136
2022-10-14,-0.028144332246977877,59.552167838734285,-0.5048071667024889
2022-10-17,0.03847652783154259,61.84352848201004,-0.4857538658701367
2022-10-18,-0.0009791526987435646,61.78297422419706,-0.4862573913601884
2022-10-19,0.00394128299492113,62.026478409882536,-0.48423258635298994
2022-10-20,-0.002555126214122331,61.86799292892775,-0.48555043719198954
2022-10-21,0.025306183189551898,63.433635691557086,-0.4725316823137852
2022-10-24,0.007683223057838214,63.921010463944974,-0.4684790255730592
2022-10-25,0.03422815053428003,66.10890843240817,-0.4502860456482467
2022-10-26,-0.01232178507691726,65.29432867103444,-0.45705950284755137
2022-10-27,-0.02897840891324406,63.40220291508945,-0.472793054589595
2022-10-28,0.0317222167276918,65.413461336975,-0.4560688816069417
2022-10-31,-0.012649604842989319,64.58600689965012,-0.4629493953164191
2022-11-01,-0.010367162095102146,63.91643329704606,-0.46851708598844644
2022-11-02,-0.038048571614990076,61.48450430736867,-0.4887392517043586
2022-11-03,-0.0166054074557564,60.463529061129606,-0.4972289447459426
2022-11-04,0.024040896524134374,61.91712650677221,-0.48514187783124996
2022-11-07,0.0021567674831220584,62.05066735187037,-0.4840314485749352
2022-11-08,-0.01978551128819182,60.8229631725401,-0.49424015017350786
2022-11-09,-0.06380582264778761,56.9421039714401,-0.5265105734539086
2022-11-10,0.10807318862749442,63.09601871479194,-0.4753390613456687
2022-11-11,0.015369000252688527,64.0657414423632,-0.46727554724691456
2022-11-14,-0.01318528405405834,63.2210164433118,-0.4742996704790068
2022-11-15,0.019813200521236005,64.47362711925948,-0.4638838644361276
2022-11-16,-0.022341309474223733,63.0332018628624,-0.47586140093488494
2022-11-17,-0.008651229048975603,62.48788719585646,-0.4803958440088064
2022-11-18,-0.005686089004503052,62.132575507557476,-0.483350359486882
2022-11-21,-0.029165904680787183,60.32042273273224,-0.49841891365545066
2022-11-22,0.024407442828507684,61.792690001972815,-0.48617660196663526
2022-11-23,0.025818577796574822,63.388089376048384,-0.47291041259081035
2022-11-25,-0.007669523698828895,62.9019329223553,-0.47695293867285105
2022-11-28,-0.018665773377781834,61.727819697402175,-0.48671601658549846
2022-11-29,-0.002646854103503682,61.564435164535766,-0.4880746044032619
2022-11-30,0.0597302627868778,65.24169505523919,-0.4574971659969923
2022-12-01,-0.005140941985494024,64.90629128592492,-0.46028614159356784
2022-12-02,-0.0037686945475067174,64.66167929985677,-0.462320158268958
2022-12-05,-0.0229575794645851,63.1772036590168,-0.4746639859620039
2022-12-06,-0.01761167470970726,62.064547299105264,-0.4839160329545352
2022-12-07,-0.012490270697004436,61.2893443026524,-0.490362061405317
2022-12-08,0.015682534858136865,62.25051658111111,-0.48236964666827686
2022-12-09,-0.0018833200869056957,62.13327893281364,-0.4833445103102987
2022-12-12,0.008079422586712737,62.63527995000994,-0.47917023227735056
2022-12-13,0.017489361253982247,63.73073098829997,-0.4700612523178215
2022-12-14,-0.006616730242907086,63.30904193316711,-0.47356771405649845
2022-12-15,-0.034489698545086885,61.12553216171391,-0.49172420490309077
2022-12-16,-0.020528648982383053,59.87070756810472,-0.502158420286877
2022-12-19,-0.013729213626757874,59.048729833917065,-0.508993393687041
2022-12-20,0.0031092448276834575,59.23232679173446,-0.5074667339360039
2022-12-21,0.01439746102476213,60.08512190812443,-0.5003755054344488
2022-12-22,-0.02673557800921274,58.47871144415671,-0.5137332550842195
2022-12-23,0.0017868334401594398,58.583203161302556,-0.5128643774035666
2022-12-27,-0.02246604782259442,57.26707011747997,-0.5238083895969073
2022-12-28,-0.018837646807383836,56.18829327691319,-0.5327787189663202
2022-12-29,0.02868032443694211,57.79979175765311,-0.5193786610424306
2022-12-30,0.0027808366951120136,57.96052353954263,-0.5180421315866035
2023-01-03,0.014561950660959198,58.804541823608815,-0.5110238848861065
2023-01-04,0.01705968299532295,59.80772866580478,-0.502682107369979
2023-01-05,-0.016070412973576014,58.84659376713371,-0.5106742112836921
2023-01-06,0.02664467437427594,60.41454209609428,-0.49763628498041035
2023-01-09,0.029765262693406926,62.21279681208641,-0.4826832970352165
2023-01-10,0.009350329081946742,62.79450693538771,-0.4778462156229081
2023-01-11,0.01824754825597921,63.940352730901616,-0.4683181892454449
2023-01-12,0.015728196948195113,64.9460191915903,-0.4599557930121243
2023-01-13,0.013436623086691437,65.81867437244871,-0.45269942255267714
2023-01-17,0.024785058704379963,67.44999408061432,-0.4391345456117042
2023-01-18,-0.017708909698103254,66.25552822630311,-0.4490668612962523
2023-01-19,-0.005929240118050288,65.8626832903011,-0.45233347616461783
2023-01-20,0.05084214113352037,69.21128312957893,-0.42448893746567495
2023-01-23,0.028472388645135262,71.1818936814728,-0.4081027628236229
2023-01-24,-0.00917988764362824,70.5284518952162,-0.41353631295747595
2023-01-25,0.006299976087471761,70.97277945564247,-0.4098416057529375
2023-01-26,0.021115187889642402,72.47138302889852,-0.39738030037376104
2023-01-27,0.00806037678579523,73.05552968229912,-0.39252295853623087
2023-01-30,-0.023254382623344314,71.35666844231585,-0.40664946209332653
2023-01-31,0.01626261272373719,72.51711430644936,-0.39700003208592916
2023-02-01,0.03552074438536263,75.09297618729288,-0.3755810243612715
2023-02-02,0.03394853640351879,77.64227282303575,-0.3543829140357523
2023-02-03,-0.01147194847592075,76.7515646696565,-0.36178939998110815
2023-02-06,-0.016462648398756725,75.48803064644551,-0.3722960366935788
2023-02-07,0.023672128446157428,77.27499300405563,-0.35743694784802715
2023-02-08,-0.01731173617828671,75.93722871199046,-0.3685608298847969
2023-02-09,-0.01954798407985962,74.45280897405982,-0.3809041927296085
2023-02-10,-0.016742148806108977,73.2063089671833,-0.39126918686016754
2023-02-13,0.017611624014444913,74.49559095619861,-0.38054844865314164
2023-02-14,0.015803655812223774,75.67289363519859,-0.37075884954330773
2023-02-15,0.01775799091669986,77.01669219301283,-0.35958479090908413
2023-02-16,-0.028480020695660066,74.82325520544455,-0.3778238293178088
2023-02-17,-0.0026262561862419784,74.62675016858648,-0.37945782333499534
2023-02-21,-0.02048425018991336,73.098077147273,-0.3921691645351947
2023-02-22,-0.0025030542253264166,72.91510869640628,-0.39369059807618867
2023-02-23,0.011854621335489701,73.77948969963826,-0.38650302970423445
2023-02-24,-0.022149638780881584,72.1453006533535,-0.40009176598945095
2023-02-27,0.0068628542801703486,72.64042333873654,-0.39597468319796225
2023-02-28,-0.0023776944612734375,72.46770660649946,-0.3974108708481914
2023-03-01,-0.0003215960636997843,72.44440127730947,-0.3976046611401549
2023-03-02,0.010890799882775186,73.23337875424811,-0.3910440940543157
2023-03-03,0.013589299006169626,74.22856903537166,-0.38276881016684683
2023-03-06,-0.004487693984645565,73.89545393262279,-0.38553875486459666
2023-03-07,-0.010967281035055029,73.08502172213073,-0.3922777240251466
2023-03-08,-0.0003636618300112662,73.05844348938486,-0.39249872942016617
2023-03-09,-0.027569993282878593,71.04422269312496,-0.4092475353693923
2023-03-10,-0.00983165294576206,70.34574055180472,-0.415055608578494
2023-03-13,0.030894145499091363,72.51901209565351,-0.39698425144104055
2023-03-14,0.030608688915976026,74.73872397738327,-0.378526729981965
2023-03-15,-0.0011260925646847109,74.65456125601831,-0.3792265664104826
2023-03-16,0.035697000163342124,77.31950514136864,-0.3570668170502391
2023-03-17,0.0103496320088419,78.11973356668757,-0.3504126952004356
2023-03-20,0.002897217514250144,78.34606342698552,-0.3485306994839359
2023-03-21,0.017218551330253636,79.69506914162639,-0.3373133418929155
2023-03-22,-0.016668557395684323,78.36666730748615,-0.3483593724889277
2023-03-23,0.02363059203361627,80.2185180516635,-0.33296071866768384
2023-03-24,-0.005166081291206042,79.80410266634851,-0.3364066978194743
2023-03-27,-0.009131294270800802,79.07538792088489,-0.3424661635378171
2023-03-28,-0.002351067875316526,78.8894763166159,-0.344012070217657
2023-03-29,0.023498929024606634,80.74329452136844,-0.32859705641470316
2023-03-30,0.00693446448738233,81.30320602982113,-0.32394123654568685
2023-03-31,0.01867027208989543,82.82115900817873,-0.3113190354832365
2023-04-03,-0.008482677104669933,82.11861385887781,-0.317160893733365
2023-04-04,0.00247154202219506,82.32157346383443,-0.31547322818782886
2023-04-05,-0.00927491930828246,81.55804751262652,-0.3218221587607458
2023-04-06,0.0019430147125721515,81.71651599887221,-0.32050444923747756
2023-04-10,0.003698708514438419,82.01876157236748,-0.31799119325834924
2023-04-11,-0.001112066222175671,81.92755127803818,-0.31874963221555286
2023-04-12,-0.006326944225354754,81.40920023058214,-0.3230598652960275
2023-04-13,0.02168234597159764,83.17434267525269,-0.308382215093316
2023-04-14,0.0016666181088706249,83.31296254094867,-0.3072295523685735
2023-04-17,-0.0043415175403179,82.9512578527413,-0.3102372274183792
2023-04-18,0.0032497330993321552,83.2208273010166,-0.3079956825056336
2023-04-19,-0.014390194230868958,82.02326343210137,-0.3179537590429774
2023-04-20,-0.011452138824945316,81.08392163240188,-0.3257646472794493
2023-04-21,-0.006777100372901801,80.53440775687058,-0.3303340079397955
2023-04-24,-0.0038311901438144633,80.22586512763452,-0.3328996256882243
2023-04-25,-0.015512235365885585,78.98138262534286,-0.34324784370721895
2023-04-26,0.0035522353400841175,79.2619430839133,-0.34091490548795933
2023-04-27,0.03145200411520872,81.75489004396798,-0.3201853583830939
2023-04-28,0.010960625648259139,82.65097478865448,-0.3127341645861257
2023-05-01,-0.009632156300979546,81.85486768106183,-0.31935401653315554
2023-05-02,-0.006234714607728213,81.34452594181707,-0.3235976499889677
2023-05-03,-0.00873554737955217,80.63393698138512,-0.32950639476512944
2023-05-04,-0.003833933562156333,80.32479182414338,-0.3320770227014507
2023-05-05,0.027329241000158662,82.52000741819298,-0.31382319468531505
2023-05-08,-0.007109933173131639,81.9332956800033,-0.3187018659160554
2023-05-09,-0.005558621861639264,81.47785947144027,-0.32248894461846855
2023-05-10,0.011029585471030124,82.3765264864771,-0.3150162785255701
2023-05-11,-0.0026547529075861675,82.15783716327027,-0.31683474105180354
2023-05-12,-0.004256405994786284,81.80814005264986,-0.31974256975542037
2023-05-15,0.00932933486118176,82.5713555855715,-0.31339622039686166
2023-05-16,0.003044853293806302,82.82277324960027,-0.3113056126169972
2023-05-17,0.016798656888516266,84.2140845999757,-0.299736471902303
2023-05-18,0.019667749208244316,85.8703860956899,-0.2859638644519972
2023-05-19,-0.0009932010714434798,85.78509953621437,-0.28667304590687304
2023-05-22,0.001974693544007422,85.95449881844058,-0.2852644437758587
2023-05-23,-0.0074213959793800926,85.31659644649979,-0.2905687793591405
2023-05-24,-0.006875766285057298,84.7299794690971,-0.29544666262759
2023-05-25,0.03264229796480713,87.49576070547937,-0.27244842265698044
2023-05-26,0.03639398774119128,90.68008034800079,-0.24596991947007418
2023-05-30,0.021422152932263246,92.62264289712559,-0.22981697176943527
2023-05-31,-0.005172475930842104,92.14355450608922,-0.23380072494530102
2023-06-01,0.0061530107270612215,92.71051478539475,-0.22908629258682278
2023-06-02,0.00911135056925436,93.55523278706053,-0.22206222753993765
2023-06-05,-0.012421468853180882,92.39313937694396,-0.23172535735026334
2023-06-06,0.013215454774107436,93.61415673181777,-0.2215722585562322
2023-06-07,-0.024466040880911873,91.32378894618503,-0.24061730350123123
2023-06-08,0.01841379574158882,93.00540654218807,-0.2266341856382058
2023-06-09,0.006411557263588867,93.60171603205666,-0.22167570643372325
2023-06-12,0.01201602130622866,94.72643624619741,-0.21232334513907558
2023-06-13,0.004975675192975605,95.19776422514661,-0.20840412194739788
2023-06-14,0.006009178594741865,95.76982459219565,-0.20364728094131834
2023-06-15,0.010408149514473719,96.76661124552612,-0.19535872277509803
2023-06-16,-0.0004360431540044112,96.72441682715632,-0.19570958109546122
2023-06-20,0.011056255619221182,97.79382670421745,-0.1868171406319622
2023-06-21,-0.012222193871799415,96.59857159477335,-0.19675601919238261
2023-06-22,0.003490504654278026,96.93574935852152,-0.1939522923388527
2023-06-23,-0.003127383923786765,96.63259405433745,-0.19647311298159742
2023-06-26,-0.018581206624017535,94.837043857599,-0.2114036120972399
2023-06-27,0.019284262448448188,96.66590630118394,-0.19619611238702483
2023-06-28,-0.004507313099290496,96.23020279545781,-0.19981910817892345
2023-06-29,0.007152836894686574,96.91852174039633,-0.19409554477348256
2023-06-30,0.01893305196708423,98.75348514908025,-0.17883731384217405
2023-07-03,0.007046003551416232,99.44930255615539,-0.1730513986392156
2023-07-05,-0.004706881040091821,98.98120651950344,-0.17694374733209128
2023-07-06,-0.00931575889483121,98.05912146444827,-0.1846111409388287
2023-07-07,0.005290737211615703,98.57792650731857,-0.18029713276025694
2023-07-10,0.0020563248359981947,98.78063474587677,-0.17861155739621293
2023-07-11,0.00783985546106756,99.55506064463695,-0.17217199072880784
2023-07-12,0.013570629837597652,100.90608552110491,-0.16093784324579308
2023-07-13,0.03189159641765336,104.1241416766292,-0.13417881157326217
2023-07-14,-0.004303689448168391,103.67602370679589,-0.13790503708589497
2023-07-17,0.008912295606217535,104.60001507734809,-0.1302217919357732
2023-07-18,0.0041001178293970895,105.02888746412194,-0.12665559879726795
2023-07-19,0.001765961730743436,105.21436446000614,-0.1251133060069849
2023-07-20,-0.03294381986767704,101.74820138974358,-0.1539354156585181
2023-07-21,0.0003035538317290556,101.77908744614699,-0.15367858951205093
2023-07-24,-0.005519504274299524,101.21731733795367,-0.15834986415467045
2023-07-25,0.006354135292689917,101.86046586628217,-0.15300190532239832
2023-07-26,0.00041513126178157857,101.90275133000289,-0.15265028993462826
2023-07-27,-0.0003642548894118858,101.86563275458641,-0.15295894120956133
2023-07-28,0.02081710999469337,103.9861808363177,-0.13532599431869896
2023-07-31,0.0004001835852679621,104.0277943989831,-0.13497996597501738
2023-08-01,0.002887960105354211,104.32822251905536,-0.13248182262642116
2023-08-02,-0.02859652161399875,101.34479824883913,-0.15728982493622146
2023-08-03,-0.004868685430271235,100.85138230617123,-0.1613927156874957
2023-08-04,0.0036813455187793675,101.22265109048676,-0.15830551251937608
2023-08-07,0.007522731564292827,101.98412192286655,-0.1519736708309145
2023-08-08,-0.0050978896391208955,101.46421812436111,-0.1562968154680875
2023-08-09,-0.017903696760572692,99.64763353101395,-0.17140222143987627
2023-08-10,0.0016450487573938521,99.81155874673138,-0.17003913769387669
2023-08-11,-0.00809419320521103,99.00366470612207,-0.1767570012661459
2023-08-14,0.017307807576148273,100.71720108418913,-0.16250846985564915
2023-08-15,-0.01319137033010712,99.38860318607573,-0.17355613077811127
2023-08-16,-0.018100282855016143,97.58964135584279,-0.18851499857482157
2023-08-17,-0.021635314288463943,95.47825879381065,-0.20607173162102987
2023-08-18,-0.004059742462293989,95.09064165235952,-0.2092948759241835
2023-08-21,0.02062800285279686,97.05217167963866,-0.19298420836902663
2023-08-22,-0.0069014107779226735,96.382374775988,-0.1985537558513425
2023-08-23,0.023813828656344453,98.67760813439496,-0.17946825231591546
2023-08-24,-0.027880555562975987,95.9264215979824,-0.2023451332984073
2023-08-25,0.0075284734482651584,96.6486011159699,-0.19634000981356492
2023-08-28,0.007429299905961732,97.36663255915211,-0.19036937872404758
2023-08-29,0.03210026257430511,100.49212703027679,-0.16438002319289158
2023-08-30,0.0007361124936052602,100.56610054049273,-0.16376491288805795
2023-08-31,-0.0002513690693886936,100.54082133338783,-0.16397511652369534
2023-09-01,-0.0021057884957734196,100.32910362846836,-0.16573560810550014
2023-09-05,0.01012828583792432,101.34526546788022,-0.1572859398799904
2023-09-06,-0.009147994273375993,100.41815955974629,-0.16499508327606172
2023-09-07,-0.0040368550835899,100.01278600184278,-0.16836587711896134
2023-09-08,-0.0015363603274078682,99.859130325196,-0.16964356679227444
2023-09-11,0.0041041704646554,100.26896921850286,-0.1662356424439666
2023-09-12,-0.014479476835393905,98.81712700139472,-0.17830811414537628
2023-09-13,0.00810185573367217,99.617729108376,-0.171650885028653
2023-09-14,0.006839368136414694,100.29905143066182,-0.16598550048589067
2023-09-15,-0.015653988808872515,98.72897120202572,-0.1790411541277218
2023-09-18,0.0007664352421176073,98.80464056497296,-0.17841194233591717
2023-09-19,-0.0005412640866981344,98.75116116143602,-0.17885663844559085
2023-09-20,-0.016191183760908365,97.15226296446814,-0.19215192150656824
2023-09-21,-0.023016765776936978,94.91613208311558,-0.21074597151260022
2023-09-22,-0.0019693195213442336,94.72921189131381,-0.21230026487820008
2023-09-25,0.005352800110899281,95.23627842723104,-0.20808386564868464
2023-09-26,-0.015303294134807292,93.77884964615471,-0.22020279118276254
2023-09-27,0.002456565468443238,94.00922352986578,-0.21828716828719374
2023-09-28,0.01662583459766395,95.57220533092816,-0.20529054004426506
2023-09-29,0.003406755060517753,95.89779642508412,-0.20258315956991957
2023-10-02,0.01973255432685799,97.79010490286807,-0.18684808844498157
2023-10-03,-0.01577058935776328,96.24789731519235,-0.199671973327596
2023-10-04,0.014126874108134284,97.60757924373668,-0.18836584004958357
2023-10-05,-0.0035457906369561723,97.26148320315829,-0.19124372485456942
2023-10-06,0.021052810711450758,99.30911079854933,-0.17421713208223477
2023-10-09,-0.003049401808016741,99.0062774165277,-0.17673527585269244
2023-10-10,0.0013976345934696125,99.14465201481569,-0.17558465259464084
2023-10-11,0.005544892444691036,99.69439844670417,-0.1710133581635256
2023-10-12,-0.00263108874688515,99.43209363682357,-0.17319449558817956
2023-10-13,-0.01446858930684162,97.99345151007294,-0.18515720486815024
2023-10-16,0.021948629596949123,100.14427348019413,-0.16727252217805855
2023-10-17,-0.005209976808264806,99.62252413788178,-0.17161101302511583
2023-10-18,-0.016455286423207136,97.98320696899007,-0.1852423910756179
2023-10-19,0.00738400029099737,98.70671499776195,-0.179226220654228
2023-10-20,-0.009602773436320057,97.75885677699502,-0.18710792529975762
2023-10-23,0.025592187066622227,100.26071972705101,-0.16630423925905435
2023-10-24,0.007906623918049853,101.05344353168582,-0.15971252041680306
2023-10-25,-0.02320209505487026,98.70879192924168,-0.17920895039150975
2023-10-26,-0.016532752717036397,97.07686388127813,-0.19277888584704372
2023-10-27,0.010877208640630095,98.13278918389284,-0.18399857336928005
2023-10-30,0.017937834305834906,99.89307889624295,-0.16936127498505316
2023-10-31,0.011958070825328102,101.0876074086443,-0.15942843828106434
2023-11-01,0.02972068384502391,104.09200022908651,-0.13444607664609798
2023-11-02,0.012108542442779665,105.35240263181423,-0.12396548022865272
2023-11-03,0.010615036120567288,106.47072219113947,-0.1146663421584162
2023-11-06,0.010242171032786055,107.56121353780537,-0.10559860341372063
2023-11-07,0.012532674910839628,108.90924326009008,-0.09438936147050392
2023-11-08,0.003499949315908024,109.29042009153429,-0.09121977013570359
2023-11-09,0.005524728232551808,109.89421996096145,-0.08619900634258726
2023-11-10,0.036250745505857405,113.87796736133097,-0.053073039078512796
2023-11-13,-0.007762355545577526,112.99400608986465,-0.06042342282487856
2023-11-14,0.021346930337083982,115.40608126637302,-0.040366347085565635
2023-11-15,0.014917955808116477,117.12770408669266,-0.026050574659406744
2023-11-16,-0.004962200650617865,116.54649291726831,-0.030883507131500676
2023-11-17,0.0031854469556406215,116.91774558832222,-0.02779643794963149
2023-11-20,0.012372570371155503,118.36431862325058,-0.015767780963075406
2023-11-21,-0.015398217455584803,116.54171910610765,-0.030923202698598717
2023-11-22,0.014906801321768828,118.27898335851978,-0.016477367415690725
2023-11-24,-0.0012149591481601786,118.13527922565328,-0.01767230723557145
2023-11-27,-0.004364404796311918,117.61968904638718,-0.021959582929422572
2023-11-28,0.007427005653679307,118.4932511419187,-0.014695671222312523
2023-11-29,0.00010659736335723159,118.50588221006606,-0.014590640378760344
2023-11-30,-0.0015243040636787424,118.32524321224342,-0.016092703870018044
2023-12-01,0.002863292457465786,118.66404298866084,-0.013275489530163553
2023-12-04,-0.0039043634119678952,118.20073544089973,-0.017128020606533845
2023-12-05,0.006942725198697591,119.02137066534983,-0.010304210548105264
2023-12-06,-0.01030452416348525,117.79491207535759,-0.020502554725012057
2023-12-07,0.027649947099473257,121.05193516282836,0.0
2023-12-08,0.013177354739777412,122.64707945440547,0.0
2023-12-11,-0.0016805197606960037,122.44096861379067,-0.0016805197606961642
2023-12-12,1.4842962054309153e-05,122.44278600044171,-0.001665701742532777
2023-12-13,0.013066649983224574,124.04270302808035,0.0
2023-12-14,0.0025754669846526513,124.36217091441625,0.0
2023-12-15,0.0034951509661670255,124.7968354762424,0.0
2023-12-18,0.011670163136476674,126.25323490516618,0.0
2023-12-19,0.004248177697376405,126.78958108191193,0.0
2023-12-20,-0.004315753826643133,126.24238846217919,-0.004315753826643176
2023-12-21,0.02251525053118701,129.08476746606058,0.0
2023-12-22,0.004598537618189014,129.67836862518845,0.0
2023-12-26,0.011769998946894856,131.20468288734196,0.0
2023-12-27,0.0041941007505417365,131.75496854631436,0.0
2023-12-28,-0.005408104029054419,131.0424239700711,-0.00540810402905445
2023-12-29,-0.004822157479297466,130.41051676521855,-0.010204182779059434
2024-01-02,-0.016668579710651627,128.23675867141026,-0.02670267325567599
2024-01-03,-0.021075578249476763,125.53409482957167,-0.047215477225482694
2024-01-04,0.0030657798263494054,125.91895472501919,-0.044294449656702706
2024-01-05,6.438094871466207e-06,125.91976540319583,-0.04428829673370038
2024-01-08,0.027595709474906843,129.39461066641084,-0.01791475422859523
2024-01-09,0.0026371028899084704,129.7358375681378,-0.015324894388834998
2024-01-10,0.013185179045116988,131.4464278150419,-0.0023417768200826306
2024-01-11,0.003737305802308367,131.93768331240778,0.0
2024-01-12,-0.010844553523200315,130.5068780439993,-0.010844553523200462
2024-01-16,0.008834178112954998,131.6597990496057,-0.0021061781276248137
2024-01-17,-0.003704412644631055,131.17207682521678,-0.0058027886193678935
2024-01-18,0.005874717719069099,131.94267574918894,0.0
2024-01-19,0.02192469978604154,134.83547930395693,0.0
2024-01-22,-0.014955914916505343,132.81889134776074,-0.014955914916505275
2024-01-23,0.0032325298828139786,133.2482323830446,-0.011771730475583664
2024-01-24,0.019269552584768826,135.81586620377718,0.0
2024-01-25,-0.0020561616754431033,135.53660682477187,-0.002056161675443091
2024-01-26,-0.002803720444400273,135.15660006925262,-0.004854117217316878
2024-01-29,0.01884807975307941,137.70404244651294,0.0
2024-01-30,-0.008272523850286349,136.56488247109334,-0.008272523850286206
2024-01-31,-0.02096624437340031,133.7016297723797,-0.029065324467056675
2024-02-01,0.01074447145417285,135.13818311684543,-0.01863314456192633
2024-02-02,0.024594945517913462,138.46189936799408,0.0
2024-02-05,-0.003915836065649331,137.91970526873055,-0.003915836065649492
2024-02-06,-0.0033020002202449297,137.4642943715571,-0.007204906194343219
2024-02-07,0.017453306018135342,139.86350076779092,0.0
2024-02-08,0.003032244404576735,140.28760108539856,0.0
2024-02-09,0.01745288763620101,142.7360248238942,0.0
2024-02-12,0.0038225426278934316,143.28163936331964,0.0
2024-02-13,-0.012921335546354416,141.43024922347442,-0.012921335546354551
2024-02-14,0.023231336188975493,144.71586289047556,0.0
2024-02-15,0.0011497909226596732,144.8822558759919,0.0
2024-02-16,-0.014719810640668697,142.74961650430438,-0.014719810640668629
2024-02-20,-0.007815751936341812,141.6339209126988,-0.022420516188493056
2024-02-21,-0.0063769631795899916,140.73072661405757,-0.028654504561881677
2024-02-22,0.02876545522624062,144.77891002943056,-0.0007133092036458732
2024-02-23,-0.005145903769621731,144.03389169054836,-0.005855542352747878
2024-02-26,0.01651823308040237,146.41307708497027,0.0
2024-02-27,0.004774168679761524,147.11207781189682,0.0
2024-02-28,0.00811368883704182,148.30569943543327,0.0
2024-02-29,0.016754123111865044,150.79043138196576,0.0
2024-03-01,0.023279746603773868,154.3007944148117,0.0
2024-03-04,0.007572597319754317,155.46925219703326,0.0
2024-03-05,-0.030403615458835007,150.74242483756203,-0.030403615458834965
2024-03-06,0.015464090156324606,153.07351928563307,-0.015409689553044004
2024-03-07,0.025710080711400525,157.00905182124484,0.0
2024-03-08,-0.01319040791128191,154.93803838195902,-0.013190407911281898
2024-03-11,0.004111590938040983,155.5750802165281,-0.009133050534878118
2024-03-12,0.019721197552150904,158.64320710766998,0.0
2024-03-13,-0.00627501344629285,157.64771884990634,-0.0062750134462927765
2024-03-14,-0.0022883389061288516,157.28696744139964,-0.008548992995015992
2024-03-15,-0.01605769820658561,154.76130078639656,-0.024469414052117555
2024-03-18,0.013319455261332257,156.82263700840656,-0.011475878056523503
2024-03-19,-0.01913615676154047,153.82165444285553,-0.03039243061659802
2024-03-20,0.02852595028498474,158.20956331024655,-0.0027334532964220504
2024-03-21,-0.004844420367652042,157.44312967938905,-0.007564631667250965
2024-03-22,-0.003526669162046772,156.8878798491726,-0.011064622876074681
2024-03-25,0.010984995513242656,158.61129250539793,-0.00020117219548132503
2024-03-26,-0.0015614210910384742,158.3636334880031,-0.0017622791720109943
2024-03-27,-0.0023068478181107097,157.9983126856232,-0.004065061680258997
2024-03-28,0.001069872936831584,158.16735080443058,-0.0029995378429057418
2024-04-01,0.005206773036086588,158.99089230178834,0.0
2024-04-02,-0.017444968031295898,156.21730126831642,-0.017444968031295915
2024-04-03,0.004605139821256894,156.93670378315645,-0.012920164727000416
2024-04-04,-0.015106045132494313,154.5660108528632,-0.027831037268009395
2024-04-05,0.005988242030796965,155.49158953558495,-0.022009454224341307
2024-04-08,0.011395169705182,157.26344258607142,-0.010865085985164225
2024-04-09,-0.004920817786638739,156.48957784060585,-0.015732438663433768
2024-04-10,-0.005722337032630908,155.59409173410776,-0.021364749379687353
2024-04-11,0.014215515611587392,157.80594197422474,-0.00745294469644453
2024-04-12,-0.029616632792042345,153.1322613383718,-0.03684884636219288
2024-04-15,-0.029188832489555245,148.66250941341926,-0.06496210404784863
2024-04-16,0.0016195302354978607,148.90327284229926,-0.06344778190401801
2024-04-17,-0.01932930959401237,146.02507538196875,-0.08155068967855428
2024-04-18,0.0001946568852177292,146.05350016830633,-0.0813719071965765
2024-04-19,-0.0269367728308965,142.11929021311536,-0.10611678344850195
2024-04-22,0.017165879219723408,144.5588927837065,-0.09077249211664118
2024-04-23,0.013111904915266518,146.4543352405427,-0.07885078748692975
2024-04-24,-0.0011729721845861246,146.28254837899345,-0.07993126989106114
2024-04-25,-0.001753203543817694,146.02608529677673,-0.08154433764924396
2024-04-26,0.008775901338187916,147.30759581414304,-0.07348406137295371
2024-04-29,0.007902463703362641,148.47168874329392,-0.06616230279736657
2024-04-30,-0.030328069367164687,143.96882906802722,-0.09448379725580136
2024-05-01,-0.006397309430791581,143.0478159200903,-0.10027666459935147
2024-05-02,0.018288842778531347,145.66399493526512,-0.08382176597403312
2024-05-03,0.024139680452814186,149.18027722648276,-0.06170551616682274
2024-05-06,0.01784127606762937,151.84184373632596,-0.04496514524802098
2024-05-07,-0.006493089603174944,150.8559210394347,-0.05116627213408087
2024-05-08,-0.0054181241891752795,150.0385649245706,-0.0563071711065366
2024-05-09,0.004241306429851772,150.67492445471095,-0.05230468064354554
2024-05-10,-0.006939537706233099,149.62931013507364,-0.0588812480462404
2024-05-13,0.006536806680962435,150.6074080092324,-0.052729336700890084
2024-05-14,0.00574495349986609,151.4726405649808,-0.04728731078844939
2024-05-15,0.027898737129569435,155.69853594642493,-0.02070782991213127
2024-05-16,-0.0032771139250575287,155.18829410616382,-0.023917081919425986
2024-05-17,0.010005807939771646,156.74107837149086,-0.014150583707820186
2024-05-20,0.026232945607006022,160.85285855479367,0.0
2024-05-21,0.0020094621150973193,161.1760862801646,0.0
2024-05-22,-0.005059243296166644,160.36065724614932,-0.005059243296166582
2024-05-23,-0.006913265731706999,159.2520414096955,-0.011937533134565914
2024-05-24,0.008006147328460037,160.52703671557953,-0.004026959455119661
2024-05-28,0.010015302591141842,162.1347635623454,0.0
2024-05-29,-0.007969065098064474,160.84270107685776,-0.007969065098064498
2024-05-30,-0.0250331157887106,156.81630711703184,-0.03280269035744743
2024-05-31,0.0011233157578837694,156.99246134590953,-0.03171622237854321
2024-06-03,0.003695532561152373,157.57263209866878,-0.028137898149907525
2024-06-04,0.004743513279680835,158.3200799715431,-0.02352785736376306
2024-06-05,0.022513913210057173,161.8844845114317,-0.0015436482924122696
2024-06-06,-0.00032141981244584696,161.83245163078217,-0.0018645719457134335
2024-06-07,-0.004535737004273214,161.09842219142817,-0.0063918517420153975
2024-06-10,-0.0015236569540311965,160.85296346017276,-0.007905769706690657
2024-06-11,-0.002929414857402199,160.38175839915536,-0.01081202528485481
2024-06-12,0.02036616034173248,163.64811900660155,0.0
2024-06-13,0.0013804803014417716,163.87403201125815,0.0
2024-06-14,0.008343027719750583,165.24123760287534,0.0
2024-06-17,0.012003112878594575,167.22464683002133,0.0
2024-06-18,-0.004053379818434005,166.5468218214158,-0.0040533798184339
2024-06-20,-0.005179054561188618,165.6842667442101,-0.009211441704385703
2024-06-21,-0.000962077656774443,165.52486561309644,-0.010164657238909691
2024-06-24,-0.022044478807725407,161.87595622093696,-0.03198506147554403
2024-06-25,0.013830070377546614,164.1147120879052,-0.01859734674923419
2024-06-26,0.00350787225855541,164.69040553365912,-0.015154711607423432
2024-06-27,0.01452717345660891,167.08289162148583,-0.0008476932750205446
2024-06-28,-0.006621707774840206,165.97651753899308,-0.0074637878727107365
2024-07-01,0.014721193159968246,168.41988991370346,0.0
2024-07-02,0.014402658148202309,170.8455840134884,0.0
2024-07-03,0.0033787747126477166,171.4228327525207,0.0
2024-07-05,0.0024031798468221333,171.8347926494767,0.0
2024-07-08,0.008410900119936171,173.28007792758137,0.0
2024-07-09,0.00211234363219551,173.64610499677804,0.0
2024-07-10,0.008693842752776645,175.15575692825217,0.0
2024-07-11,-0.02750901493985565,170.33739459411117,-0.02750901493985558
2024-07-12,0.007074392873560215,171.54242824452854,-0.020629231645544754
2024-07-15,0.024320572576033952,175.71443832051872,0.0
2024-07-16,-0.0027905583357356353,175.2240969299543,-0.0027905583357356045
2024-07-17,-0.034592301944680964,169.16269206096925,-0.037286328443872696
2024-07-18,-0.00014781963522455778,169.1376864935352,-0.03742863642762784
2024-07-19,-0.005226426794467159,168.25370075689122,-0.04245944519378908
2024-07-22,0.02125225679281889,171.82947161171876,-0.022109547433509347
2024-07-23,-0.0029072423397898334,171.32992169662546,-0.02495251196088688
2024-07-24,-0.04128532765415478,164.25650974241958,-0.06520766698294234
2024-07-25,-0.013617109159954245,162.01981091902397,-0.07793683622352388
2024-07-26,0.016857585850194843,164.75107379102374,-0.06239307728085974
2024-07-29,-0.0006453022231932374,164.64475955683292,-0.06299811711257175
2024-07-30,-0.018642287511900772,161.57540461184666,-0.08046597561255153
2024-07-31,0.027173269311577423,165.96593659549143,-0.05547922992671306
2024-08-01,-0.02851521692697909,161.23338191098173,-0.08241244457739016
2024-08-02,-0.04751705661444621,153.57204617457901,-0.12601350439711745
2024-08-05,-0.05237088135426338,145.52934276503865,-0.17178494746356465
2024-08-06,0.013818861941788226,147.54039266118792,-0.16033995799445255
2024-08-07,-0.015423670053449627,145.26477832522536,-0.17329059743941178
2024-08-08,0.05511906964511198,153.27163775871523,-0.1277231443034057
2024-08-09,-0.0005274790192204128,153.19079018555598,-0.12818325204373704
2024-08-12,-0.0019452681912587558,152.89279301421422,-0.12987916943214306
2024-08-13,0.02566790794526577,156.81723115079765,-0.10754498805186907
2024-08-14,-0.004924188526117503,156.04503354046736,-0.11193960478178022
2024-08-15,0.02112224335117647,159.3410547126516,-0.09318177700343899
2024-08-16,0.002631452446202757,159.76035312085574,-0.09079552797227353
2024-08-19,0.018261454119027885,162.67780947941193,-0.07419213222152421
2024-08-20,-0.004893304058815612,161.88177749400708,-0.07872239161860817
2024-08-21,0.007648837061638356,163.11998483330714,-0.07167568930356294
2024-08-22,-0.020924314692935295,159.70681093794818,-0.09110023931767752
2024-08-23,0.02332574226987321,163.43209084863014,-0.06989947775085215
2024-08-26,-0.011675922504164838,161.5238704211879,-0.08075925936971651
2024-08-27,-0.009571300874374886,159.97787685899317,-0.08955758907427214
2024-08-28,-0.012097920395137093,158.04247723977,-0.10057204888600846
2024-08-29,-0.0014097034078048298,157.81968422102716,-0.10183997553376889
2024-08-30,0.016615322215742093,160.44190912634622,-0.08691675732596349
2024-09-03,-0.04127310789931469,153.81997289940247,-0.12460254052190523
2024-09-04,0.005632576312165066,154.6863756350935,-0.11967179752791957
2024-09-05,-0.0009869497152178996,154.53370796071235,-0.12054063719664765
2024-09-06,-0.035534298237355905,149.04246109431193,-0.15179160848213702
2024-09-09,0.021706642506033085,152.27767251550551,-0.13337985215684134
2024-09-10,0.01884455564132217,155.147277588155,-0.11704878056092016
2024-09-11,0.01990648130389291,158.23571396881349,-0.09947232861890665
2024-09-12,0.01295004919048643,160.28487424840134,-0.08781045097712736
2024-09-13,0.006680457536231088,161.35565054451794,-0.08171660742988618
2024-09-16,-0.007644057135420718,160.12223873263267,-0.08873601814920018
2024-09-17,0.004876678043497223,160.90310333853571,-0.08429207709707853
2024-09-18,-0.004316758204662047,160.2085235470435,-0.08824496678634364
2024-09-19,0.035755719408368684,165.93689456182062,-0.055644509649588336
2024-09-20,0.0030952261019972812,166.45050676915272,-0.05272151588629137
2024-09-23,0.005405039843504631,167.3501783902115,-0.0476014379367623
2024-09-24,0.0112613519620525,169.23476764997596,-0.036876142521215405
2024-09-25,0.001353204282465782,169.463776862302,-0.03557283919273013
2024-09-26,0.010494562524778681,171.24222506426858,-0.025451598053043534
2024-09-27,-0.0015761649607056974,170.97231906932902,-0.02698764709670387
2024-09-30,-0.004174916187524697,170.25852396682782,-0.031049892119501488
2024-10-01,-0.0231767867911957,166.31247845746498,-0.053507042181153874
2024-10-02,-0.002332694599455022,165.92452223714525,-0.055714921192280165
2024-10-03,-0.001103167548700595,165.74147968867962,-0.05675662584794283
2024-10-04,0.020872587576481867,169.20093323853726,-0.037068695915017824
2024-10-07,-0.012486121818846427,167.08826977425838,-0.04909197348100358
2024-10-08,0.016662399779691577,169.87236132373403,-0.033247563789426504
2024-10-09,-0.0011036421340896133,169.68488302835985,-0.034314512511262385
2024-10-10,-0.0026310709020134463,169.23843007011237,-0.03685529949789068
2024-10-11,0.0018088191309919566,169.54455178012222,-0.03511314493770901
2024-10-14,0.01881487274798636,172.7345109469796,-0.0169589215435072
2024-10-15,-0.012627330208891107,170.5533352387808,-0.029372105850081764
2024-10-16,-0.0013029861948391447,170.3311065974809,-0.03063682059648476
2024-10-17,-0.0014309886853355201,170.08736471117922,-0.0320239683381921
2024-10-18,0.011309957128780475,172.0110455142099,-0.021076200918410004
2024-10-21,0.006637906763724487,173.152838796664,-0.01457819601131538
2024-10-22,-0.0010275883964381467,172.97490894870623,-0.015590804022691307
2024-10-23,-0.018990765022967718,169.68998309799213,-0.03428548774994489
2024-10-24,0.019322594722171953,172.96883386980684,-0.015625377612417113
2024-10-25,0.0011636741662897016,173.17011323335439,-0.014479886294393562
2024-10-28,0.011585170374207933,175.1763184988837,-0.003062467869905272
2024-10-29,0.01603947966740387,177.9860554976572,0.0
2024-10-30,-0.012398584110797294,175.77928041802048,-0.012398584110797195
2024-10-31,-0.03177719007143112,170.19350881355763,-0.043781782018322946
2024-11-01,0.008769620519287227,171.68604130069852,-0.035396111112994455
2024-11-04,-0.012172104537595159,169.59626085834051,-0.047137370485898056
2024-11-05,0.01790000736682039,172.63203517709,-0.03008112239802785
2024-11-06,0.05218391517735915,181.64065065766613,0.0
2024-11-07,0.023981839167679313,185.9967275280509,0.0
2024-11-08,0.0055613793661203215,187.03112589069127,0.0
2024-11-11,0.02563181953036943,191.82507395608332,0.0
2024-11-12,-0.008063551454413712,190.27828260199172,-0.008063551454413731
2024-11-13,0.0013602945365611438,190.53711711024144,-0.006714225722841305
2024-11-14,-0.011867770097680561,188.27586640930224,-0.018502312933259324
2024-11-15,-0.014162196802882462,185.60946653598052,-0.03240247633907234
2024-11-18,0.01668550979657385,188.70645510820347,-0.016257618378887395
2024-11-19,0.0071222863442579765,190.05047651649397,-0.009251123447999388
2024-11-20,-0.005668849972599903,188.97310887790084,-0.014867530189694667
2024-11-21,0.013458003114291232,191.51630956569693,-0.0016096143429981113
2024-11-22,0.002106346232204342,191.91970922275632,0.0
2024-11-25,-0.007612441910075966,190.45873158489943,-0.007612441910075929
2024-11-26,0.0008917627875878834,190.62857559429804,-0.0067274676149060575
2024-11-27,-0.0012154624128322441,190.39687372585144,-0.007934753043718823
2024-11-29,0.009453651305931374,192.19681937979507,0.0
2024-12-02,0.007432241494462878,193.6252725558934,0.0
2024-12-03,0.0027078901285516044,194.1495885200856,0.0
2024-12-04,0.020873475400318506,198.20216518004156,0.0
2024-12-05,-0.004083611361451707,197.39278456644803,-0.004083611361451633
2024-12-06,0.017308819936508284,200.80942073127463,0.0
2024-12-09,-0.0178382412227671,197.22733384446602,-0.017838241222767115
2024-12-10,-0.010276097855017992,195.20060646219596,-0.02793103156541865
2024-12-11,0.02896030144049447,200.8536748667085,0.0
2024-12-12,-0.010790625596909156,198.68633806145854,-0.010790625596909131
2024-12-13,0.007955074462785372,200.26690267547562,-0.0029213913642470724
2024-12-16,0.015534024762619206,203.3778537007695,0.0
2024-12-17,-0.00492231072576898,202.37676471011432,-0.004922310725768986
2024-12-18,-0.04343915472710442,193.58568911470084,-0.0481476444356419
2024-12-19,-0.009440093558488837,191.75822209787353,-0.057133219726037465
2024-12-20,0.008319327644384145,193.35352157601034,-0.04928920205593279
2024-12-23,0.010993541852065877,195.47916160770055,-0.0388375231095236
2024-12-24,0.01915530170018324,199.22362392439493,-0.020426165881791136
2024-12-26,-0.0087127580801779,197.48783668528534,-0.02896095572013535
2024-12-27,-0.01428046550572051,194.66761844570175,-0.04282784529668182
2024-12-30,-0.009746401647820282,192.77030964850533,-0.05215682956252987
2024-12-31,-0.00830050594725712,191.1702185468133,-0.060024407435813276
2025-01-02,0.006340888510763803,192.38240758919702,-0.05406412700052443
2025-01-03,0.01916691797315097,196.06978541493646,-0.03593345171488249
2025-01-06,0.012549533654348454,198.53036978560206,-0.023834866122146914
2025-01-07,-0.02707774588587784,193.15461488191815,-0.050267217559945454
2025-01-08,-0.006915252570745144,191.8189019348047,-0.056834859625234935
2025-01-10,-0.02379107022890013,187.25532496764325,-0.0792737677173414
2025-01-13,-0.003970196746613758,186.5118844856706,-0.08292923200927194
2025-01-14,0.0018185852573226098,186.8510722491117,-0.08126146063068251
2025-01-15,0.03393065663075289,193.19105182268433,-0.05008805871790267
2025-01-16,-0.009016337479723493,191.44917610138825,-0.05865278535652141
2025-01-17,0.026714360267055353,196.5636183645917,-0.03350529672814628
2025-01-21,0.01615754183765933,199.7396032520793,-0.017889118124155057
2025-01-22,0.016656180240288445,203.0665020849696,-0.0015309022596824429
2025-01-23,0.004777379431890728,204.03662781533635,0.0
2025-01-24,-0.004918236068898635,203.03312751303855,-0.004918236068898407
2025-01-27,-0.03924323840643221,195.06545008564083,-0.04396846696473977
2025-01-28,0.011966054140111525,197.3996138222308,-0.03252854188078613
2025-01-29,-0.0019803362633435653,197.00869620860863,-0.03444446069304952
2025-01-30,0.011200701516564783,199.21533181100884,-0.023629561299606583
2025-01-31,-0.004598796917448171,198.29918095716798,-0.028119690663389374
2025-02-03,-0.021571433478806405,194.02158336624862,-0.04908454210560598
2025-02-04,0.0055227356733376825,195.09311328610283,-0.043832887383964514
2025-02-05,-0.0037318108559140205,194.36506268802768,-0.04740112219489301
2025-02-06,-0.0072651726834529655,192.95296694396902,-0.05432191754021054
2025-02-07,-0.012756546208932993,190.49155350499757,-0.06638550369788387
2025-02-10,0.01736817780434219,193.80004467649772,-0.05017032112539743
2025-02-11,-0.0030508596418862954,193.20878794159842,-0.05306811815934187
2025-02-12,0.008463526085190484,194.84401555823015,-0.04505373547648506
2025-02-13,0.011238856183583747,197.03383942732106,-0.03432123174645474
2025-02-14,0.004163115354431029,197.85411402958343,-0.030300999638890325
2025-02-18,-0.0028532604607648827,197.28958470902316,-0.033067803455463896
2025-02-19,-0.0005198362390737935,197.1870264332996,-0.03357044985195501
2025-02-20,-0.0025617495866587484,196.68188264983962,-0.03604620035258155
2025-02-21,-0.030426828484407524,190.69747674046258,-0.06537625728134655
2025-02-24,-0.027364861995235468,185.4790666066202,-0.09095210701831291
2025-02-25,-0.01848782973277988,182.04996120420208,-0.10775842968270055
2025-02-26,-0.003521484028225984,181.40887517348233,-0.11090044412189215
2025-02-27,-0.02858457939971312,176.22337877727324,-0.1363149809711398
2025-02-28,0.01615127951306032,179.0696118246409,-0.12236536281756172
2025-03-03,-0.026166016927783295,174.38407333038575,-0.1453295655904865
2025-03-04,-0.003510466110361987,173.77190395077255,-0.14832985718600944
2025-03-05,0.017532612706698942,176.81857944204717,-0.13339785441819252
2025-03-06,-0.030231845791864196,171.4730274152187,-0.15959683684632053
2025-03-07,0.003724693386644224,172.11171186642,-0.15646659274240726
2025-03-10,-0.05965114432205598,161.84505130236008,-0.20678432575920547
2025-03-11,0.011678243293058523,163.73511718724657,-0.19752096013155396
2025-03-12,0.023234617944826026,167.53944007924352,-0.1788756662314801
2025-03-13,-0.021914340197394386,163.867923792866,-0.19687006422604225
2025-03-14,0.030898880903011097,168.9312592539655,-0.17205424799091962
2025-03-17,0.00426821749644858,169.65229461041034,-0.16852039544608433
2025-03-18,-0.018697085152684614,166.48029121173116,-0.18406664041514942
2025-03-19,0.020730500806218917,169.93151102291552,-0.16715193324645472
2025-03-20,-0.008780022316977165,168.43950856377666,-0.17446435785920222
2025-03-21,0.006450607427589159,169.5260457088176,-0.16913915151426928
2025-03-24,0.03401105749484666,175.29180579629423,-0.14088069542620385
2025-03-25,0.008342267928970673,176.754137006,-0.13371369200449834
2025-03-26,-0.029672446095684788,171.5094094035002,-0.1594185257819246
2025-03-27,-0.006470121374910407,170.39972270772034,-0.1648571899456167
2025-03-28,-0.03584309411976073,164.2920694087264,-0.19479129228983738
2025-03-31,-0.008595443902766767,162.87990614245422,-0.2017124185669794
2025-04-01,0.011178680909204689,164.7006886397419,-0.19278861642035905
2025-04-02,-0.0006280489508958419,164.5972485450299,-0.19329558468296737
2025-04-03,-0.05062963996162895,156.2637491125203,-0.23413873878592506
2025-04-04,-0.051639708730798074,148.19433462316724,-0.2736875912432216
2025-04-07,-0.01534955422330818,145.91961764828184,-0.28483616294449543
2025-04-08,-0.025719199792195002,142.16668184838497,-0.3032296045538787
2025-04-09,0.13935627330649564,161.9785008191261,-0.2061302788942141
2025-04-10,-0.05375013387881835,153.2721347146078,-0.2488008826859902
2025-04-11,0.023414823869738144,156.86097475308912,-0.23121168766297984
2025-04-14,0.008482192649803186,158.19149976018073,-0.22469067709082025
2025-04-15,-0.003546584211309514,157.6304602847679,-0.22744037689433105
2025-04-16,-0.026304912824515025,153.48400476848892,-0.24776249043186582
2025-04-17,-0.0025589543012355326,153.09124621431573,-0.24968743184252584
2025-04-21,-0.01876496312502375,150.21849462434017,-0.2637670195162427
2025-04-22,0.039162615480881735,156.10144376743008,-0.23493421039721396
2025-04-23,0.029008368321875738,160.6296919438123,-0.21274090018194947
2025-04-24,0.03204617117544659,165.77725854770293,-0.18751226030975243
2025-04-25,0.013986708185479028,168.09593668679835,-0.17614823139042546
2025-04-28,-0.0004268179836386511,168.02419031804385,-0.17649986614112056
2025-04-29,0.0018632650384236252,168.3372639174729,-0.174965467132564
2025-04-30,-0.0009314344763935321,168.18046878619842,-0.17573393274069204
2025-05-01,0.012183534234874985,170.2295012852924,-0.16569145889159242
2025-05-02,0.01650135375671284,173.03851850582984,-0.15192423851251546
2025-05-05,-0.009496016948682962,171.39534180132347,-0.15997758031736797
2025-05-06,-0.004298671454325264,170.6585695381178,-0.16358856071385086
2025-05-07,0.007282473140471553,171.9013859869704,-0.15749741687286645
2025-05-08,0.030717470830459344,177.18176179674072,-0.13161786835107203
2025-05-09,0.00895177634412728,178.76785330060358,-0.12384430572731442
2025-05-12,0.04317741426650423,186.4865869600974,-0.08601416835374587
2025-05-13,0.025989586368577382,191.33329621847807,-0.0622600546425196
2025-05-14,0.004923634201969205,192.27535137971486,-0.05764296617500486
2025-05-15,-0.008265549973140718,190.6860898542826,-0.06543206533062607
2025-05-16,0.004266502193769524,191.49965247496726,-0.06144472918713251
2025-05-19,-0.001599484381349862,191.19335177179963,-0.06294593368383128
2025-05-20,-0.002112154530789365,190.78952186759798,-0.06492513667559574
2025-05-21,-0.006221058070861467,189.60260917274775,-0.07074229170093971
2025-05-22,0.0060513058936258034,190.74995255908163,-0.06511906905401244
2025-05-23,-0.018467318453667312,187.22731244015114,-0.08238381292205288
2025-05-27,0.028743330792804098,192.60884901506608,-0.05600846731603992
2025-05-28,-0.004247251145599546,191.7907908604342,-0.06001783643466818
2025-05-29,-0.004110331662116249,191.00246710025826,-0.06388147488339535
2025-05-30,-0.011869810584046835,188.73530399469257,-0.07499302446074663
2025-06-02,0.008405604547947821,190.32173832430868,-0.06721778162027037
2025-06-03,0.007928356600916465,191.8306769346501,-0.05982235156196192
2025-06-04,0.002347769663157812,192.2810511784203,-0.05761503100098009
2025-06-05,-0.0178539776742402,188.84806958350134,-0.07444035119802817
2025-06-06,0.013156167997384357,191.33258651292365,-0.062263532966789215
2025-06-09,0.021807396626917868,195.50505211466503,-0.04181394189867138
2025-06-10,0.014235209268259977,198.2881074445194,-0.028173962843669687
2025-06-11,-0.009295193000563461,196.44498121610613,-0.03720727342201047
2025-06-12,0.0001322971851387843,196.47097033415562,-0.0370798986544123
2025-06-13,-0.012070572808460751,194.09945318198828,-0.04870289584643461
2025-06-16,0.016683015514762343,197.33761737083026,-0.032832391498692215
2025-06-17,-0.012032617849743263,194.9631292336282,-0.04446994972843865
2025-06-18,0.001776347871983947,195.30945157335765,-0.04277259595702221
2025-06-20,-0.011812071141511369,193.0024424367636,-0.05407943415218197
2025-06-23,0.01470320952485201,195.84019778671953,-0.040171365878654886
2025-06-24,0.020088640376114082,199.77436109124397,-0.020889713625094508
2025-06-25,0.0009364853013465581,199.9614468439918,-0.01997279123350726
2025-06-26,0.0070158336571077345,201.36434309288384,-0.013097083357361927
2025-06-27,0.006892751514368183,202.75229747367706,-0.006294606784139067
2025-06-30,0.008359613471267156,204.4472283109684,0.0
2025-07-01,-0.015633352251067212,201.25103277402866,-0.015633352251067212
2025-07-02,0.01378268819664085,204.02481300800503,-0.0020661336739712377
2025-07-03,0.00971482617123675,206.00687860099688,0.0
2025-07-07,-0.015512161997957475,202.81126652744467,-0.015512161997957463
2025-07-08,0.009400481042972019,204.71778999373703,-0.006257502739782872
2025-07-09,0.010810622174446678,206.93091667374705,0.0
2025-07-10,0.010593824195817027,209.123106425668,0.0
2025-07-11,-0.002608863184060962,208.5775328523776,-0.002608863184061061
2025-07-14,0.0025000373173842284,209.09898446807648,-0.00011534812199287536
2025-07-15,0.007204461132788109,210.60542997458222,0.0
2025-07-16,0.0109174761841856,212.90470974058994,0.0
2025-07-17,0.008549968084550337,214.72503821392243,0.0
2025-07-18,0.0006168953278039507,214.8575010867591,0.0
2025-07-21,0.015489731001752906,218.18558598230186,0.0
2025-07-22,-0.0029580637031753868,217.54017911985156,-0.0029580637031754176
2025-07-23,-0.0001572608884165426,217.50596855801686,-0.0031148594038660216
2025-07-24,-0.002348071495975231,216.9952489930413,-0.005455616987261158
2025-07-25,0.0009165515298974716,217.19413632048634,-0.004544065811459941
2025-07-28,0.0073577710171934384,218.79220104180956,0.0
2025-07-29,-0.001750526898975202,218.40919940859987,-0.0017505268989752576
2025-07-30,-0.0012667667558938654,218.13252589560767,-0.003015076145588158
2025-07-31,-0.01005438275062345,215.93933798989298,-0.013039144166621441
2025-08-01,-0.027632848792854974,209.97231891478907,-0.04031168426033194
2025-08-04,0.019406819518903058,214.0472138119339,-0.02168718632237232
2025-08-05,-0.007337388119887951,212.47666632821512,-0.028865447138984646
2025-08-06,0.01259785986715718,215.15341759565868,-0.01663123012988721
2025-08-07,0.006197936796001718,216.48692487936034,-0.010536372647070302
2025-08-08,0.011010406800362848,218.8705339892417,0.0
2025-08-11,0.0032339409662389437,219.57834837541213,0.0
2025-08-12,0.024195093088619724,224.89106695460057,0.0
2025-08-13,0.009973371595810286,227.13398913391705,0.0
2025-08-14,-0.0014699166839985585,226.800121093786,-0.001469916683998429
2025-08-15,-0.0011852008501077222,226.5313173974611,-0.0026533753876026855
2025-08-18,-0.004464259121407145,225.5200228974851,-0.007105789153733277
2025-08-19,-0.01871944997957166,221.29841210946375,-0.025692222668676323
2025-08-20,-0.0028623127057292863,220.66498685272512,-0.028480996199022557
2025-08-21,-0.008904195452854055,218.70014268018699,-0.03713159129502852
2025-08-22,0.03589084347137595,226.5494752682892,-0.002573431954665417
2025-08-25,-0.012750329505317681,223.66089480936168,-0.015290949354601735
2025-08-26,0.008115490743538765,225.47601273087867,-0.007299552169010015
2025-08-27,0.00454139944118459,226.49998936909523,-0.002791302909966542
2025-08-28,0.010242271427731486,228.81986373859183,0.0
2025-08-29,-0.02048047480589161,224.133524284206,-0.02048047480589188
2025-09-02,-0.005345267408331096,222.93547066173525,-0.02571626859973586
2025-09-03,0.011519750746843792,225.50363171638875,-0.014492762857299835
2025-09-04,0.001873485247974581,225.92610944377407,-0.012646429586741004
2025-09-05,0.005013885473640912,227.05887708203045,-0.007695951862698336
2025-09-08,0.009236606550414429,229.1561305934161,0.0
2025-09-09,0.0038286921134516533,230.03349886336818,0.0
2025-09-10,0.025387462298644598,235.87346564318725,0.0
2025-09-11,0.0008276621520427247,236.06868918337125,0.0
2025-09-12,0.008480768554937143,238.0707330994028,0.0
2025-09-15,0.0078490105995649,239.93935280694623,0.0
2025-09-16,0.005087308978793059,241.1599984308468,0.0
2025-09-17,0.0005678736347099231,241.29694683570233,0.0
2025-09-18,0.014572717104994852,244.813298980238,0.0
2025-09-19,0.0016007526911593598,245.20518452741223,0.0
2025-09-22,-0.002791359602507346,244.52072868099702,-0.002791359602507426
2025-09-23,-0.011562190665718964,241.69353339426684,-0.014321276036285524
2025-09-24,0.0029510591308584133,242.4067853028594,-0.011412479837839662
2025-09-25,-0.014784046684469483,238.82303207230976,-0.026027803887600842
2025-09-26,0.010842971254783932,241.41258334405015,-0.015467051362195394
2025-09-29,0.005173219719744838,242.66146368080013,-0.010373846097563755
2025-09-30,-0.005896486478529084,241.2306136413462,-0.016209163332848275
2025-10-01,0.01408080260396382,244.62733429406308,-0.0023565987581496417
2025-10-02,0.012165468083343955,247.60334032173103,0.0
2025-10-03,-0.005800227735921389,246.16718455969013,-0.0058002277359214816
2025-10-06,0.023860961359749452,252.04097023850719,0.0
2025-10-07,-0.010924765641551142,249.28748170658235,-0.010924765641550982
2025-10-08,0.018502092519311477,253.89982175702372,0.0
2025-10-09,-0.0014881276241413184,253.52198641850254,-0.0014881276241413
2025-10-10,-0.05079332798796765,240.64476101018647,-0.0522058686576079
2025-10-13,0.03650342925068917,249.42912001827082,-0.01760813263993255
2025-10-14,-0.016953292126123374,245.20047528183918,-0.03426290894961559
2025-10-15,0.005339363389689366,246.50968972269348,-0.02910648768159607
2025-10-16,-0.004498780994814365,245.40069661553144,-0.03347432496280256
2025-10-17,-0.0032063177056644914,244.61386401699068,-0.03657331334765368
2025-10-20,0.02083059143912876,249.7093154786752,-0.016504565656445203
2025-10-21,-0.0013675937109826064,249.3678145892528,-0.01784958782723356
2025-10-22,-0.01697455315554562,245.13490736522527,-0.034521152205401195
2025-10-23,0.013584044044094992,248.46483074361964,-0.02140604501331722
2025-10-24,0.010452362292426255,251.06187517147833,-0.011177426458618078
2025-10-27,0.02647501361398393,257.70874173459555,0.0
2025-10-28,0.004016820468943472,258.7439114834208,0.0
2025-10-29,-0.0018169444634027784,258.2737881660118,-0.0018169444634028586
2025-10-30,-0.025048034376422328,251.80453744150074,-0.02681946795244572
2025-10-31,0.010642230557897992,254.48429938447802,-0.01646265635593791
2025-11-03,-0.010466656721582028,251.82069958178838,-0.02675700410471693
2025-11-04,-0.03305780365474406,243.49606033881335,-0.05893027997137801
2025-11-05,0.016019800566210236,247.39681866409904,-0.043854530737620134
2025-11-06,-0.027968392593603435,240.477527313293,-0.07059638259854562
2025-11-07,0.0006933053462128321,240.64425166862335,-0.06995202210181162
2025-11-10,0.022620703290182214,246.08779388410719,-0.048913682748142895
2025-11-11,-0.010476979688462625,243.50953706600484,-0.05887819477596523
2025-11-12,0.0004029748295035897,243.6076652801865,-0.05849894637696296
2025-11-13,-0.029215673809963507,236.49050319375377,-0.0860055340513507
2025-11-14,-0.007782789343145376,234.64994742574237,-0.09311896044062962
2025-11-17,-0.015701546153490883,230.96558044632286,-0.10735839493899679
2025-11-18,-0.0033374312848895027,230.19474869240867,-0.11033752495792126
2025-11-19,-0.0026499005145471286,229.5847555094026,-0.1126950420083086
2025-11-20,-0.03176439139005096,222.2921354782128,-0.14087974397628933
2025-11-21,-0.002039805378659677,221.8387027846306,-0.14263218209544193
2025-11-24,0.03558152018372415,229.73206106529312,-0.11212573177779539
2025-11-25,0.0007389979550079065,229.90183258862012,-0.11146959450927507
2025-11-26,0.014384432404746492,233.2088399592185,-0.09868858895193167
2025-11-28,0.010128992998990264,235.57101066646803,-0.08955921197951577
2025-12-01,-0.01256561885324463,232.6109151335596,-0.10099946391022885
2025-12-02,0.019064357091855007,237.0454926831289,-0.08386059666444445
2025-12-03,0.00984389542045718,239.37894372299237,-0.07484221618744924
2025-12-04,-0.0021724411434311253,238.85890705677744,-0.07685206702116931
2025-12-05,0.0039016695953486805,239.79085559201908,-0.07325024879905684
2025-12-08,-0.0015520474917161192,239.41868879606102,-0.07468860842585678
2025-12-09,0.009914446461562377,241.79239256802703,-0.06551465817382118
2025-12-10,0.000996996936318538,242.0334588426425,-0.06458297915098588
2025-12-11,-0.011011315321108594,239.36835210906762,-0.07488315092428632
2025-12-12,-0.02194738916719295,234.11484173102025,-0.09518705043607822
2025-12-15,-0.014926787784837938,230.6202591712204,-0.10869300131919213
2025-12-16,0.005089200698612819,231.79393195530884,-0.10415696111882733
2025-12-17,-0.023809391898752752,226.27505938963205,-0.12548643911131874
2025-12-18,0.008218725186284827,228.1347519192657,-0.11829905248269534
2025-12-19,0.021467461073358785,233.0322258255729,-0.09937117171352405
2025-12-22,0.004716017410368213,234.13120985974314,-0.09512379047904562
2025-12-23,0.001172426162223424,234.40571141557572,-0.09406288993742973
2025-12-24,0.0006936190411014898,234.56829968035652,-0.0934345147078498
2025-12-26,-0.0005373867686218922,234.44224577977013,-0.09392169100453518
2025-12-29,-0.0034499936931915443,233.63342151041223,-0.09704765545610738
2025-12-30,0.003333730212998123,234.41229230646763,-0.09403745594420376
2025-12-31,-0.007074690553293307,232.75389787651122,-0.10044686059627306
2026-01-02,0.004884030049650995,233.89067490791354,-0.09605341603216722
2026-01-05,0.009483127052444196,236.1086898944472,-0.08748117572777736
2026-01-06,0.0043622893528403005,237.13866431848683,-0.08350050457638813
2026-01-07,-0.0019440230467140756,236.67766128978468,-0.08528220071779358
2026-01-08,-0.007233266968094355,234.96570858029148,-0.09189859876046946
2026-01-09,0.008557740108462398,236.97648404872234,-0.08412730297653093
2026-01-12,0.00029294982558659825,237.04590626839254,-0.08385899822967835
2026-01-13,0.007140938970256509,238.7386366182043,-0.07731689124788677
2026-01-14,-0.009113962862720322,236.5627815501695,-0.0857261908351129
2026-01-15,-0.005145196946584292,235.34561944886207,-0.09043030964637011
2026-01-16,-0.002784296458899561,234.6903474740131,-0.09296282131434408
2026-01-20,-0.039087300277522136,225.51693539006035,-0.12841645588050665
2026-01-21,0.016328894473537733,229.1993776300403,-0.11418446016370742
2026-01-22,0.010833573853562114,231.6824260147858,-0.10458791209225804
2026-01-23,-0.004227540058070874,230.70297927805723,-0.10837330256236888
2026-01-26,-0.0029160951234897935,230.0302274452099,-0.11097337082674019
2026-01-27,0.006225293413817957,231.46223310510362,-0.10543891920743909
2026-01-28,0.004344224522053864,232.4677570140882,-0.10155274502378486
2026-01-29,-0.018518684863506385,228.16275988101813,-0.11819080660517167
2026-01-30,-0.0110616607823911,225.63890082804016,-0.12794508077729916
2026-02-02,-0.014398191906014947,222.39010863245574,-0.14050109485685214
2026-02-03,-0.030508012972674366,215.60542831330233,-0.1667226986049587
2026-02-04,-0.02564234141606757,210.07680030933517,-0.18808987966158963
2026-02-05,-0.04686498174669282,200.23155489743453,-0.2261400326312044
2026-02-06,0.03894924467330291,208.0304227204506,-0.195998771419283
2026-02-09,0.014159059040807189,210.9759377580335,-0.1846148705549273
2026-02-10,-0.010425626036907257,208.7763815281824,-0.19311577099057686
2026-02-11,-0.012907069430538345,206.0816902763416,-0.20353028175680787
2026-02-12,-0.018259005373100958,202.31884358628815,-0.21807302662172257
2026-02-13,0.009426293210932,204.2259603280292,-0.21070235370112222
2026-02-17,-0.005430554450435412,203.11690013027538,-0.21498867754694873
2026-02-18,0.0006217218424620888,203.24318234365953,-0.21450061886119975
2026-02-19,-0.0028433095694334115,202.66529905837967,-0.21673403676837588
2026-02-20,0.005755547034213456,203.83174871931308,-0.21222591267669788
2026-02-23,-0.028514098110133654,198.0196702383705,-0.2346885802912554
2026-02-24,0.021452786148439054,202.26774387717867,-0.21827051806728548
2026-02-25,0.029923997780549383,208.3204033960361,-0.19487804678494092
2026-02-26,-0.008914356735318478,206.46336100491837,-0.2020551910913364
2026-02-27,-0.009162611405836962,204.57161745848728,-0.20936644929867132
2026-03-02,0.010091116604937956,206.63597350432164,-0.20138807394676805
2026-03-03,-0.007149145494414878,205.15870286535915,-0.20709746679969765
2026-03-04,0.024984081055705622,210.28440452703072,-0.18728752564094697
2026-03-05,0.0027405725934692704,210.8607042029115,-0.1850602281073479
2026-03-06,-0.020150458743822836,206.6117642821773,-0.20148163835957122
2026-03-09,0.012173266740751131,209.12690440056144,-0.19176106134593462
2026-03-10,0.000245397195943273,209.1782235564976,-0.19156272177673694
2026-03-11,0.007141279395676862,210.6720236944059,-0.18578944529906405
2026-03-12,-0.014485820157522374,207.62026664694747,-0.19758395296481823
2026-03-13,-0.014915582727818115,204.52348938380328,-0.2095524558965003
2026-03-16,0.024329308780243825,209.49940450983476,-0.19032141352142085
2026-03-17,-0.0036240658435871174,208.74016487369883,-0.19325574203096174
2026-03-18,-0.015217919105525193,205.56357393057692,-0.2055327108875814
2026-03-19,-0.0040965613820139685,204.72147013206416,-0.20878729490343262
2026-03-20,-0.014252205217361258,201.80373772734205,-0.22006382074705255
2026-03-23,0.01238333592524793,204.30274120259037,-0.21040560903910888
2026-03-24,-0.015079328584973703,201.22199303718565,-0.22231216230926032
2026-03-25,0.012959022367229326,203.82963334573301,-0.21223408822590384
2026-03-26,-0.028327928372841864,198.0555620920525,-0.2345498645492068
2026-03-27,-0.02595555366444111,192.91492032163114,-0.2544175466173537
2026-03-30,-0.002564380206398894,192.42021311843934,-0.2563295035030465
2026-03-31,0.037593987805437226,199.65405626393357,-0.22837196392647652
2026-04-01,0.010083797009309848,201.66732723938443,-0.2205910234440186
2026-04-02,8.849742657926176e-05,201.68517427887025,-0.22052204775534057
2026-04-06,0.004903300519394255,202.674097298666,-0.21670003310724284
2026-04-07,0.012070756410069513,205.12052695778894,-0.20724501001086482
2026-04-08,0.017551851130478857,208.7207719107574,-0.19333069244363132
2026-04-09,0.00701721102759437,210.1854096130976,-0.18767012368302483
2026-04-10,0.008944466808844384,212.06540603308528,-0.18040426606647497
2026-04-13,0.028353583024556657,218.0782201296807,-0.15716579037781842
2026-04-14,0.012866002282019777,220.88401500752798,-0.146321883513455
2026-04-15,0.023806657537317436,226.1425251082799,-0.12599866094715761
2026-04-16,0.016183396706704458,229.80227930436308,-0.11185435055507442
2026-04-17,0.004459910920449148,230.8271769993767,-0.10789330007416575
2026-04-20,-0.01099923717921174,228.28825413215264,-0.11770579325581387
2026-04-21,0.00010339245389686915,228.3118574149432,-0.11761457069271963
2026-04-22,0.02045290827837897,232.98149889351737,-0.09956722244091976
2026-04-23,-0.01949607074261132,228.43927510936973,-0.11712212357117768
2026-04-24,0.03605513223558047,236.6756833812382,-0.08528984498866798
2026-04-27,-0.0007667390250208474,236.4942148985163,-0.08599118896109814
2026-04-28,-0.007790192377788558,234.65187946822277,-0.09311149343408509
2026-04-29,0.007734410487301853,236.4667734256469,-0.08609724545808806
2026-04-30,0.010426593865065356,238.93231643473857,-0.07656835260431494
2026-05-01,0.01673160323245776,242.93003715273667,-0.061117860667795454
2026-05-04,-0.002354693577596218,242.3580113544479,-0.06332864041140085
2026-05-05,0.020639122180649765,247.36006796225163,-0.043996565777736474
2026-05-06,0.024165827883084676,253.33772878977555,-0.02089395133068339
2026-05-07,0.0014002658967641993,253.6924689717636,-0.019522942521416065
2026-05-08,0.025192334213082604,260.08357443744234,0.0
2026-05-11,0.006739958562140602,261.8365269518441,0.0
2026-05-12,-0.02226944862150638,256.0055718676564,-0.02226944862150626
2026-05-13,0.002285913340633087,256.59077841966507,-0.020034441310565643
2026-05-14,0.004752242567310537,257.8101600392503,-0.015377407268063581
2026-05-15,-0.01348006078088008,254.33486341199284,-0.0286501796643176
2026-05-18,-0.006100964128008713,252.78317553381427,-0.03457635007393334
2026-05-19,-0.011314298724204173,249.92311117337175,-0.045499441644608396
2026-05-20,0.02000283188544485,254.92228115046004,-0.026406727441262268
2026-05-21,0.0017461854633440657,255.36742273208745,-0.02470665302151076
2026-05-22,0.005581884989165669,256.7928543157576,-0.019262677727978406
2026-05-26,0.009218182731871662,259.16001777107914,-0.01022206187930852
2026-05-27,-0.0064564349717583635,257.48676796906045,-0.01661249877326576
2026-05-28,0.010744452147922436,260.2533222262272,-0.00604653882347006
2026-05-29,0.014917550336767227,264.1356642608479,0.0
2026-06-01,0.0009766470293209564,264.39363157268593,0.0
2026-06-02,-0.01699263790915461,259.9008863258848,-0.01699263790915473
2026-06-03,-0.011624992421300254,256.87954049205723,-0.02842009104354304
2026-06-04,-0.009253351543106124,254.50254379965264,-0.03741046149333627
2026-06-05,-0.05734207509145729,239.90883982212608,-0.09260734309263652
2026-06-08,0.01744511425403093,244.09407694337503,-0.07677777451961898
2026-06-09,-0.02246405105262951,238.6107351372746,-0.09751708572573248
2026-06-10,-0.024158836534240828,232.84617739177818,-0.11932002292662958
2026-06-11,0.016273956411230125,236.63550593317356,-0.10498787536749432
2026-06-12,0.0030431025569381326,237.35561204634115,-0.10226426168253455
2026-06-15,0.03666713461607397,246.058762225125,-0.06934686451598737
2026-06-16,-0.01925191512955397,241.32165981788378,-0.08726371969537894
2026-06-17,-0.01770386150534653,237.04933457422763,-0.10342267639279701
2026-06-18,0.015268787501606151,240.66879049123867,-0.08973302775987979
2026-06-22,-0.011129115719253414,237.9903596718489,-0.0998634942293547
2026-06-23,-0.02426657721516883,232.2151482324062,-0.12170672625083023
2026-06-24,-0.013154814492502491,229.16040103505995,-0.1332605113370131
2026-06-25,-0.013931410995285949,225.967873304396,-0.14533541537942107
2026-06-26,0.007262950746908569,227.6090668385895,-0.13912802859619477
2026-06-29,0.018619060293842565,231.84693377748243,-0.12309940145534826
2026-06-30,0.005296047605276879,233.07480617590545,-0.11845529414036005
2026-07-01,0.008155506522072994,234.975649277804,-0.1112658505422226
2026-07-02,-0.0006026187149566055,234.8340485539901,-0.11180141837330693
2026-07-06,0.02298766269876359,240.23233445233427,-0.09138380896935239
2026-07-07,-0.011372619223740351,237.50026358737765,-0.10171715493046918
2026-07-08,-0.0037563602820354152,236.60812703026508,-0.10509142893172219
2026-07-09,0.01394221140837753,239.90696755826127,-0.09261442444271917
2026-07-10,0.0043629570388892995,240.9536713510482,-0.0886555401588549
2026-07-13,-0.016746396344281027,236.9185656699939,-0.10391727568951936
2026-07-14,0.008469415713704699,238.92512749294772,-0.09632797858346498
2026-07-15,0.008274972384233378,240.90222632485134,-0.08885011756183858
2026-07-16,-0.018502215264807442,236.4450014756176,-0.10570840882521337
2026-07-17,-0.012763161990009831,233.42721562005616,-0.11712239726968088
2026-07-20,0.004820641932972325,234.55248464397118,-0.11286636047627707
2026-07-21,0.014681523707754489,237.99607250798434,-0.09984188691566309
2026-07-22,-0.00759940658391483,236.18744358762132,-0.10668255440680041
2026-07-23,-0.033751322319981396,228.21580505116307,-0.13683319944707906
2026-07-24,-0.008104694006357382,226.3661857838089,-0.14382890224200684
2026-07-27,0.0070040342525077535,227.9516623026482,-0.13783225054730286
2026-07-28,-0.0010030917563515916,227.7230058693458,-0.13869708390937097
2026-07-29,-0.010648645097560805,225.29806439929337,-0.14786879298431432
2026-07-30,0.023555482081610426,230.60506891827242,-0.1277964316062753
2026-07-31,0.007769841092402616,232.39683365886995,-0.12101954847962959
2026-08-03,0.025522008867415378,238.32806770827085,-0.098586201601642
2026-08-04,0.026351589370827593,244.608391084062,-0.07483251533305058
2026-08-05,-0.005324674396782352,243.30593104681859,-0.07975873095139208
2026-08-06,-0.0017588858852730033,242.87798367889715,-0.08137733033056738
2026-08-07,0.013254901311027035,246.09730738318217,-0.06920107750202686
2026-08-10,-0.0004815081016937222,245.97880953587213,-0.06964926472425748
2026-08-11,-0.008291233318452638,243.93934183461502,-0.07736301973842252
2026-08-12,-0.001280088401881257,243.62707791236997,-0.07854407663600216
2026-08-13,0.017410743169904652,247.8688063951366,-0.06250084421192426
2026-08-14,-0.007150252741489307,246.09648178268012,-0.06920420012074169
2026-08-17,-0.01027810095953268,243.56707729713193,-0.07877101332460978
2026-08-18,-0.007661785913185936,241.70091849538093,-0.0858292725975377
2026-08-19,0.025360983612785208,247.83069152853744,-0.06264500376059579
2026-08-20,0.0009548826603106791,248.06734075857088,-0.06174993972813114
2026-08-21,0.018198810423095988,252.58187126519763,-0.04467490475178504
2026-08-24,-0.0052607793487732075,251.25309377297117,-0.04970065928423173
2026-08-25,0.004644771359624976,252.42010694694503,-0.045286736123404725
2026-08-26,0.0067179734133202,254.11585851440205,-0.038872997799337505
2026-08-27,0.031247948804301373,262.0564578516212,-0.008839750440139515
2026-08-28,-0.004822680186976371,260.79264336447096,-0.013619799337810434
2026-08-31,0.0025636370653277386,261.4612210513649,-0.011091078494887663
2026-09-01,-0.013774006204112807,257.85985257046843,-0.024712316115001687
2026-09-02,0.005409859357776732,259.2548381068917,-0.019436146911811947
2026-09-03,0.02214859336933562,264.9969680951542,0.0
2026-09-04,-0.009642294091262703,262.4417893954878,-0.009642294091262715
2026-09-08,0.007584828670526394,264.43236540403893,-0.00213060056940928
2026-09-09,-0.000767274413467541,264.2294732159717,-0.00289624022757462
2026-09-10,-0.013807394370002205,260.58115267510084,-0.016663645066564592
2026-09-11,0.014771750021293162,264.43039232267785,-0.002138046244638314
2026-09-14,-0.0013835953001645875,264.06452767463946,-0.0035186833540674645
2026-09-15,-0.013248285277951966,260.5661254802182,-0.016720352111141867
2026-09-16,0.0009523365337133,260.81427212096116,-0.01578393897960051
2026-09-17,0.02068176359118493,266.20837123817387,0.0
2026-09-18,0.006601331897284358,267.9657010505525,0.0
2026-09-21,0.04269877281396464,279.4075076416449,0.0
2026-09-22,-0.002713586861902694,278.64931109979153,-0.002713586861902706
2026-09-23,-0.011637765365386403,275.40645579798564,-0.014319772140091502
2026-09-24,0.003305046287228707,276.3166868821995,-0.011062053362608681
2026-09-25,0.00043243651745220355,276.4361763079888,-0.010634400480988515
2026-09-28,-0.02353263626637694,269.9309043200648,-0.03391678126893538
2026-09-29,0.0018071025290356843,270.4186971399265,-0.032170969841107566
2026-09-30,0.005001639773047474,271.77123405091726,-0.027330237670354807
2026-10-01,-0.00011728062483947384,271.73936055077434,-0.027444312987843444
2026-10-02,0.009071070034354208,274.20432732142103,-0.018622192238646695
2026-10-05,0.0023997485760161525,274.8623487654481,-0.016267132241937543
