ticker,name,asset_class,cagr,ann_vol,sharpe_rf0,var95_current,var99_current,var95_full,var99_full,vol30_current,worst_day,best_day,max_drawdown,dd_peak_date,dd_trough_date,dd_recovery_date
AAPL,Apple Inc.,Equity,0.1928725025660465,0.28041531297093064,0.7687039799287767,0.021100882402314527,0.043349420052015857,0.027193886132092882,0.04809054650101328,0.21119896558363474,-0.0924562430167729,0.1532887980184207,-0.33360521645326036,2024-12-26T00:00:00,2025-04-08T00:00:00,2025-10-20T00:00:00
MSFT,Microsoft Corp.,Equity,0.1337802732023381,0.2816999790179199,0.5857124229588873,0.028107502100781046,0.04070786423272857,0.02695579367491992,0.042057185088767386,0.22201612620740493,-0.0999314588900955,0.155067391655117,-0.3714848117707493,2021-11-19T00:00:00,2022-11-03T00:00:00,2023-06-15T00:00:00
NVDA,NVIDIA Corp.,Equity,0.6368915165327789,0.5192396449924127,1.2066391712721007,0.03894099675645575,0.049414393358242985,0.04804398889166688,0.07454309502235312,0.3920843739634896,-0.1696817602810443,0.2436965165051969,-0.6633508687341794,2021-11-29T00:00:00,2022-10-14T00:00:00,2023-05-25T00:00:00
GOOGL,Alphabet Inc. (Class A),Equity,0.2064434222794087,0.3216773064125946,0.7440343424110881,0.02533745720877783,0.04237981332102356,0.03075926386114878,0.049109703935372485,0.24080543228796636,-0.0950940618583059,0.1022438672381678,-0.4432005168159483,2021-11-18T00:00:00,2022-11-03T00:00:00,2024-01-25T00:00:00
AMZN,Amazon.com Inc.,Equity,0.09091761001436938,0.3647607988281061,0.42006378688902785,0.02969474659512716,0.0466009373476238,0.03330603833545532,0.05586305396311616,0.24096995862752277,-0.1404943777492341,0.153205887780321,-0.5572582563532466,2021-11-18T00:00:00,2022-12-28T00:00:00,2024-04-05T00:00:00
META,Meta Platforms Inc.,Equity,0.17661345774691917,0.4530643822184299,0.5876505596792434,0.037018343562934736,0.07956826576148966,0.0402512135492226,0.06779622261184305,0.47593468505425923,-0.2639009009739448,0.2328239805096186,-0.7441880688812668,2021-11-15T00:00:00,2022-11-03T00:00:00,2023-12-19T00:00:00
TSLA,Tesla Inc.,Equity,0.07782039307957889,0.5996344502649558,0.4234991728555104,0.04514338036990641,0.06602916554804551,0.05777711969789072,0.09509926026785635,0.43114865863597623,-0.1542620682219511,0.2268998983962451,-0.736322174421912,2021-11-04T00:00:00,2023-01-03T00:00:00,2024-12-11T00:00:00
AMD,Advanced Micro Devices,Equity,0.4384033461327861,0.5746398219856595,0.9167183167574146,0.057303206333862176,0.07998039840889405,0.054432245857089,0.08344042411883229,0.517524444887385,-0.1731444304789821,0.238204800811929,-0.6544994295506881,2021-11-29T00:00:00,2022-10-14T00:00:00,2024-01-18T00:00:00
NFLX,Netflix Inc.,Equity,0.011052042258725026,0.4376542198074515,0.2529160458270542,0.035204688993099593,0.06553676976278701,0.03566903268811948,0.0691536716052388,0.33876166509529243,-0.3511660755113311,0.1605476397503822,-0.759473182516135,2021-11-17T00:00:00,2022-05-11T00:00:00,2024-08-20T00:00:00
CRM,Salesforce Inc.,Equity,-0.03199294342776726,0.3937136358556082,0.11362804150138298,0.041075732873629686,0.06543727058683112,0.03633942191822676,0.06112495782812155,0.7358110639055596,-0.197371151898035,0.2258049936045949,-0.5866959592097242,2024-12-04T00:00:00,2026-06-22T00:00:00,
ORCL,Oracle Corp.,Equity,0.1084640821034315,0.4386991634672193,0.4475021114066013,0.05661568319681363,0.07752708903569411,0.04000993422760594,0.064986197887669,0.4752804183932579,-0.1379085941985761,0.3594881385248631,-0.6457812963867174,2025-09-10T00:00:00,2026-07-24T00:00:00,
ADBE,Adobe Inc.,Equity,-0.16062008055670662,0.3797849554402649,-0.2683682164851395,0.04441622632862747,0.06744309572246246,0.0359195632252285,0.0722359593054103,0.41333139102935773,-0.1679317021312774,0.1451148989435331,-0.7190319086624579,2021-11-19T00:00:00,2026-06-25T00:00:00,
AVGO,Broadcom Inc.,Equity,0.5231248224677596,0.4442055081129521,1.1674846591832748,0.04439033479201674,0.06951432376313539,0.039358167515740144,0.06611235018429774,0.3273462168706467,-0.1739681136150727,0.244326295278989,-0.4114967641041922,2024-12-16T00:00:00,2025-04-04T00:00:00,2025-06-02T00:00:00
QCOM,Qualcomm Inc.,Equity,0.09550897995257901,0.4276532876959884,0.4263627131425575,0.05313061610143484,0.08619244633597384,0.04158257748091626,0.07696148996005887,0.4911799591564421,-0.1145960125319535,0.1518530099833108,-0.44288407512419237,2021-12-15T00:00:00,2022-11-03T00:00:00,2024-05-02T00:00:00
INTC,Intel Corp.,Equity,0.1861547940790289,0.5540243322718473,0.5829730385524322,0.061618866615399386,0.09354084069989309,0.051443276020469504,0.0833036656885291,0.6574107052154732,-0.2605851455985698,0.2359988383395475,-0.6503688742723023,2022-01-11T00:00:00,2025-04-08T00:00:00,2026-01-21T00:00:00
BTC-USD,Bitcoin,Crypto,0.08876001635105757,0.519485211311063,0.4236995891505821,0.04160378841130098,0.06729681690687966,0.05031647168939228,0.07979800193447922,0.36875035744987344,-0.2268071899980847,0.1986546075612993,-0.7663456370856909,2021-11-08T00:00:00,2022-11-21T00:00:00,2024-03-04T00:00:00
ETH-USD,Ethereum,Crypto,-0.057439756070086556,0.6882182859308802,0.25800363034756724,0.05177443794125101,0.11492395046277788,0.06317392835037115,0.12282467393273706,0.3979361788090311,-0.2765452206616028,0.2802534876478375,-0.7842533679074555,2021-11-08T00:00:00,2022-07-12T00:00:00,2025-08-22T00:00:00
SOL-USD,Solana,Crypto,-0.051284242369619926,0.9134355381523807,0.4033626369754912,0.05885566675227165,0.12271280608538221,0.08361492452202972,0.13728527650244005,0.5839976344136462,-0.4228090368113009,0.3505877733415343,-0.9611546963514395,2021-11-08T00:00:00,2022-12-29T00:00:00,2024-11-21T00:00:00
PORTFOLIO,Equal-Weighted Portfolio,Portfolio,0.22454011883860847,0.3029260602668971,0.8228037547719218,0.025814608152672978,0.043053917826799154,0.02919956901771852,0.05220813503146559,0.21687584369499455,-0.0875406793477422,0.1393562733064956,-0.5327787189663202,2021-11-19T00:00:00,2022-12-28T00:00:00,2023-12-07T00:00:00
