scope,asset1,asset2,correlation
Full sample,AAPL,MSFT,0.5273071519177115
Full sample,AAPL,NVDA,0.4678420144308184
Full sample,AAPL,GOOGL,0.5126801792731177
Full sample,AAPL,AMZN,0.49027787263173445
Full sample,AAPL,META,0.43514091893665413
Full sample,AAPL,TSLA,0.4619171592644692
Full sample,AAPL,AMD,0.41822318147744564
Full sample,AAPL,NFLX,0.3684833418172102
Full sample,AAPL,CRM,0.3978522627577314
Full sample,AAPL,ORCL,0.2380524502722436
Full sample,AAPL,ADBE,0.45527453444844257
Full sample,AAPL,AVGO,0.4050265228906599
Full sample,AAPL,QCOM,0.4869238820378208
Full sample,AAPL,INTC,0.2876473442503167
Full sample,AAPL,BTC-USD,0.26669586911454884
Full sample,AAPL,ETH-USD,0.30315544157232865
Full sample,AAPL,SOL-USD,0.2501303388340094
Full sample,MSFT,AAPL,0.5273071519177115
Full sample,MSFT,NVDA,0.556567647837029
Full sample,MSFT,GOOGL,0.5437624969779664
Full sample,MSFT,AMZN,0.6078378734609486
Full sample,MSFT,META,0.5027460245078538
Full sample,MSFT,TSLA,0.3842975375224838
Full sample,MSFT,AMD,0.45438910494682
Full sample,MSFT,NFLX,0.4037006782356961
Full sample,MSFT,CRM,0.5324215033317775
Full sample,MSFT,ORCL,0.44732703113032274
Full sample,MSFT,ADBE,0.5471424984011697
Full sample,MSFT,AVGO,0.4376096726359349
Full sample,MSFT,QCOM,0.37754182862189944
Full sample,MSFT,INTC,0.26420431749250217
Full sample,MSFT,BTC-USD,0.3211401478922786
Full sample,MSFT,ETH-USD,0.32739774481043826
Full sample,MSFT,SOL-USD,0.296350782426168
Full sample,NVDA,AAPL,0.4678420144308184
Full sample,NVDA,MSFT,0.556567647837029
Full sample,NVDA,GOOGL,0.49086136257841784
Full sample,NVDA,AMZN,0.5205931541709194
Full sample,NVDA,META,0.47291905288643565
Full sample,NVDA,TSLA,0.4633902286947549
Full sample,NVDA,AMD,0.6533239939002505
Full sample,NVDA,NFLX,0.3885950092968606
Full sample,NVDA,CRM,0.41362712527142115
Full sample,NVDA,ORCL,0.42143458456862865
Full sample,NVDA,ADBE,0.4136284115090805
Full sample,NVDA,AVGO,0.6231259350212635
Full sample,NVDA,QCOM,0.5337406082637182
Full sample,NVDA,INTC,0.36031326951757164
Full sample,NVDA,BTC-USD,0.3272120112557374
Full sample,NVDA,ETH-USD,0.35093392392934564
Full sample,NVDA,SOL-USD,0.3163952834082127
Full sample,GOOGL,AAPL,0.5126801792731177
Full sample,GOOGL,MSFT,0.5437624969779664
Full sample,GOOGL,NVDA,0.49086136257841784
Full sample,GOOGL,AMZN,0.6204398173078066
Full sample,GOOGL,META,0.523352886842018
Full sample,GOOGL,TSLA,0.412804474432708
Full sample,GOOGL,AMD,0.4586916654832397
Full sample,GOOGL,NFLX,0.3538850192124858
Full sample,GOOGL,CRM,0.37700657247818015
Full sample,GOOGL,ORCL,0.2990836671238553
Full sample,GOOGL,ADBE,0.4356818625777
Full sample,GOOGL,AVGO,0.4158332635620908
Full sample,GOOGL,QCOM,0.4256903092934658
Full sample,GOOGL,INTC,0.2894221584182259
Full sample,GOOGL,BTC-USD,0.2803672997034346
Full sample,GOOGL,ETH-USD,0.30735897130340706
Full sample,GOOGL,SOL-USD,0.2818237543909016
Full sample,AMZN,AAPL,0.49027787263173445
Full sample,AMZN,MSFT,0.6078378734609486
Full sample,AMZN,NVDA,0.5205931541709194
Full sample,AMZN,GOOGL,0.6204398173078066
Full sample,AMZN,META,0.5777463064480168
Full sample,AMZN,TSLA,0.43605024092159667
Full sample,AMZN,AMD,0.4638835817815126
Full sample,AMZN,NFLX,0.4433843469900883
Full sample,AMZN,CRM,0.4566134997773905
Full sample,AMZN,ORCL,0.310613374159396
Full sample,AMZN,ADBE,0.46093061470266505
Full sample,AMZN,AVGO,0.42601428881980286
Full sample,AMZN,QCOM,0.4341028649713696
Full sample,AMZN,INTC,0.3196954541094177
Full sample,AMZN,BTC-USD,0.3174095929644632
Full sample,AMZN,ETH-USD,0.3270414553892962
Full sample,AMZN,SOL-USD,0.297164614495371
Full sample,META,AAPL,0.43514091893665413
Full sample,META,MSFT,0.5027460245078538
Full sample,META,NVDA,0.47291905288643565
Full sample,META,GOOGL,0.523352886842018
Full sample,META,AMZN,0.5777463064480168
Full sample,META,TSLA,0.34706922968458215
Full sample,META,AMD,0.4187355289103376
Full sample,META,NFLX,0.4206016131666416
Full sample,META,CRM,0.3815547930208193
Full sample,META,ORCL,0.2602806671761324
Full sample,META,ADBE,0.40280959580215425
Full sample,META,AVGO,0.3724521392130012
Full sample,META,QCOM,0.3826223614828517
Full sample,META,INTC,0.2762270722525843
Full sample,META,BTC-USD,0.23624721034452867
Full sample,META,ETH-USD,0.2514136539401685
Full sample,META,SOL-USD,0.21750380680466955
Full sample,TSLA,AAPL,0.4619171592644692
Full sample,TSLA,MSFT,0.3842975375224838
Full sample,TSLA,NVDA,0.4633902286947549
Full sample,TSLA,GOOGL,0.412804474432708
Full sample,TSLA,AMZN,0.43605024092159667
Full sample,TSLA,META,0.34706922968458215
Full sample,TSLA,AMD,0.44566580698439195
Full sample,TSLA,NFLX,0.3133739070707703
Full sample,TSLA,CRM,0.32455556731940516
Full sample,TSLA,ORCL,0.2895381519951702
Full sample,TSLA,ADBE,0.29567268507619365
Full sample,TSLA,AVGO,0.4131267967674925
Full sample,TSLA,QCOM,0.43141030268687547
Full sample,TSLA,INTC,0.3009072334170742
Full sample,TSLA,BTC-USD,0.3517924261587518
Full sample,TSLA,ETH-USD,0.3705881207015057
Full sample,TSLA,SOL-USD,0.3284333110961377
Full sample,AMD,AAPL,0.41822318147744564
Full sample,AMD,MSFT,0.45438910494682
Full sample,AMD,NVDA,0.6533239939002505
Full sample,AMD,GOOGL,0.4586916654832397
Full sample,AMD,AMZN,0.4638835817815126
Full sample,AMD,META,0.4187355289103376
Full sample,AMD,TSLA,0.44566580698439195
Full sample,AMD,NFLX,0.3151361359155438
Full sample,AMD,CRM,0.28617883218856505
Full sample,AMD,ORCL,0.34819066404096166
Full sample,AMD,ADBE,0.2980132071814952
Full sample,AMD,AVGO,0.5334107234327672
Full sample,AMD,QCOM,0.5863739562844558
Full sample,AMD,INTC,0.5073038137556316
Full sample,AMD,BTC-USD,0.30355050225293
Full sample,AMD,ETH-USD,0.3237692401886298
Full sample,AMD,SOL-USD,0.29051200060370624
Full sample,NFLX,AAPL,0.3684833418172102
Full sample,NFLX,MSFT,0.4037006782356961
Full sample,NFLX,NVDA,0.3885950092968606
Full sample,NFLX,GOOGL,0.3538850192124858
Full sample,NFLX,AMZN,0.4433843469900883
Full sample,NFLX,META,0.4206016131666416
Full sample,NFLX,TSLA,0.3133739070707703
Full sample,NFLX,AMD,0.3151361359155438
Full sample,NFLX,CRM,0.3821327997589444
Full sample,NFLX,ORCL,0.20417471282736924
Full sample,NFLX,ADBE,0.39288955874540094
Full sample,NFLX,AVGO,0.2844110725886904
Full sample,NFLX,QCOM,0.2876131646872971
Full sample,NFLX,INTC,0.16719827810104312
Full sample,NFLX,BTC-USD,0.2551410463156586
Full sample,NFLX,ETH-USD,0.2357165415545594
Full sample,NFLX,SOL-USD,0.23845588172201096
Full sample,CRM,AAPL,0.3978522627577314
Full sample,CRM,MSFT,0.5324215033317775
Full sample,CRM,NVDA,0.41362712527142115
Full sample,CRM,GOOGL,0.37700657247818015
Full sample,CRM,AMZN,0.4566134997773905
Full sample,CRM,META,0.3815547930208193
Full sample,CRM,TSLA,0.32455556731940516
Full sample,CRM,AMD,0.28617883218856505
Full sample,CRM,NFLX,0.3821327997589444
Full sample,CRM,ORCL,0.30356174436333555
Full sample,CRM,ADBE,0.645665533068876
Full sample,CRM,AVGO,0.3006355493283673
Full sample,CRM,QCOM,0.3476926594820558
Full sample,CRM,INTC,0.1723510329152396
Full sample,CRM,BTC-USD,0.2674649753185493
Full sample,CRM,ETH-USD,0.2770398211511993
Full sample,CRM,SOL-USD,0.24118334996900437
Full sample,ORCL,AAPL,0.2380524502722436
Full sample,ORCL,MSFT,0.44732703113032274
Full sample,ORCL,NVDA,0.42143458456862865
Full sample,ORCL,GOOGL,0.2990836671238553
Full sample,ORCL,AMZN,0.310613374159396
Full sample,ORCL,META,0.2602806671761324
Full sample,ORCL,TSLA,0.2895381519951702
Full sample,ORCL,AMD,0.34819066404096166
Full sample,ORCL,NFLX,0.20417471282736924
Full sample,ORCL,CRM,0.30356174436333555
Full sample,ORCL,ADBE,0.2986885299709395
Full sample,ORCL,AVGO,0.4649150972414208
Full sample,ORCL,QCOM,0.2991897808774005
Full sample,ORCL,INTC,0.23666059249231558
Full sample,ORCL,BTC-USD,0.18792427445639748
Full sample,ORCL,ETH-USD,0.2050432285819804
Full sample,ORCL,SOL-USD,0.17356613347870892
Full sample,ADBE,AAPL,0.45527453444844257
Full sample,ADBE,MSFT,0.5471424984011697
Full sample,ADBE,NVDA,0.4136284115090805
Full sample,ADBE,GOOGL,0.4356818625777
Full sample,ADBE,AMZN,0.46093061470266505
Full sample,ADBE,META,0.40280959580215425
Full sample,ADBE,TSLA,0.29567268507619365
Full sample,ADBE,AMD,0.2980132071814952
Full sample,ADBE,NFLX,0.39288955874540094
Full sample,ADBE,CRM,0.645665533068876
Full sample,ADBE,ORCL,0.2986885299709395
Full sample,ADBE,AVGO,0.3167273378172474
Full sample,ADBE,QCOM,0.36535530903531704
Full sample,ADBE,INTC,0.1495324088542045
Full sample,ADBE,BTC-USD,0.24592248188818933
Full sample,ADBE,ETH-USD,0.2477297750735963
Full sample,ADBE,SOL-USD,0.22636803916841913
Full sample,AVGO,AAPL,0.4050265228906599
Full sample,AVGO,MSFT,0.4376096726359349
Full sample,AVGO,NVDA,0.6231259350212635
Full sample,AVGO,GOOGL,0.4158332635620908
Full sample,AVGO,AMZN,0.42601428881980286
Full sample,AVGO,META,0.3724521392130012
Full sample,AVGO,TSLA,0.4131267967674925
Full sample,AVGO,AMD,0.5334107234327672
Full sample,AVGO,NFLX,0.2844110725886904
Full sample,AVGO,CRM,0.3006355493283673
Full sample,AVGO,ORCL,0.4649150972414208
Full sample,AVGO,ADBE,0.3167273378172474
Full sample,AVGO,QCOM,0.5304788321631765
Full sample,AVGO,INTC,0.3888874990127748
Full sample,AVGO,BTC-USD,0.24788967179251375
Full sample,AVGO,ETH-USD,0.28751383992976276
Full sample,AVGO,SOL-USD,0.22169915456573663
Full sample,QCOM,AAPL,0.4869238820378208
Full sample,QCOM,MSFT,0.37754182862189944
Full sample,QCOM,NVDA,0.5337406082637182
Full sample,QCOM,GOOGL,0.4256903092934658
Full sample,QCOM,AMZN,0.4341028649713696
Full sample,QCOM,META,0.3826223614828517
Full sample,QCOM,TSLA,0.43141030268687547
Full sample,QCOM,AMD,0.5863739562844558
Full sample,QCOM,NFLX,0.2876131646872971
Full sample,QCOM,CRM,0.3476926594820558
Full sample,QCOM,ORCL,0.2991897808774005
Full sample,QCOM,ADBE,0.36535530903531704
Full sample,QCOM,AVGO,0.5304788321631765
Full sample,QCOM,INTC,0.487000640460324
Full sample,QCOM,BTC-USD,0.2630970642099501
Full sample,QCOM,ETH-USD,0.29039052548260624
Full sample,QCOM,SOL-USD,0.24054963566289478
Full sample,INTC,AAPL,0.2876473442503167
Full sample,INTC,MSFT,0.26420431749250217
Full sample,INTC,NVDA,0.36031326951757164
Full sample,INTC,GOOGL,0.2894221584182259
Full sample,INTC,AMZN,0.3196954541094177
Full sample,INTC,META,0.2762270722525843
Full sample,INTC,TSLA,0.3009072334170742
Full sample,INTC,AMD,0.5073038137556316
Full sample,INTC,NFLX,0.16719827810104312
Full sample,INTC,CRM,0.1723510329152396
Full sample,INTC,ORCL,0.23666059249231558
Full sample,INTC,ADBE,0.1495324088542045
Full sample,INTC,AVGO,0.3888874990127748
Full sample,INTC,QCOM,0.487000640460324
Full sample,INTC,BTC-USD,0.20405746332032218
Full sample,INTC,ETH-USD,0.22732546730882053
Full sample,INTC,SOL-USD,0.1867178953781435
Full sample,BTC-USD,AAPL,0.26669586911454884
Full sample,BTC-USD,MSFT,0.3211401478922786
Full sample,BTC-USD,NVDA,0.3272120112557374
Full sample,BTC-USD,GOOGL,0.2803672997034346
Full sample,BTC-USD,AMZN,0.3174095929644632
Full sample,BTC-USD,META,0.23624721034452867
Full sample,BTC-USD,TSLA,0.3517924261587518
Full sample,BTC-USD,AMD,0.30355050225293
Full sample,BTC-USD,NFLX,0.2551410463156586
Full sample,BTC-USD,CRM,0.2674649753185493
Full sample,BTC-USD,ORCL,0.18792427445639748
Full sample,BTC-USD,ADBE,0.24592248188818933
Full sample,BTC-USD,AVGO,0.24788967179251375
Full sample,BTC-USD,QCOM,0.2630970642099501
Full sample,BTC-USD,INTC,0.20405746332032218
Full sample,BTC-USD,ETH-USD,0.8435541451841951
Full sample,BTC-USD,SOL-USD,0.733128741409593
Full sample,ETH-USD,AAPL,0.30315544157232865
Full sample,ETH-USD,MSFT,0.32739774481043826
Full sample,ETH-USD,NVDA,0.35093392392934564
Full sample,ETH-USD,GOOGL,0.30735897130340706
Full sample,ETH-USD,AMZN,0.3270414553892962
Full sample,ETH-USD,META,0.2514136539401685
Full sample,ETH-USD,TSLA,0.3705881207015057
Full sample,ETH-USD,AMD,0.3237692401886298
Full sample,ETH-USD,NFLX,0.2357165415545594
Full sample,ETH-USD,CRM,0.2770398211511993
Full sample,ETH-USD,ORCL,0.2050432285819804
Full sample,ETH-USD,ADBE,0.2477297750735963
Full sample,ETH-USD,AVGO,0.28751383992976276
Full sample,ETH-USD,QCOM,0.29039052548260624
Full sample,ETH-USD,INTC,0.22732546730882053
Full sample,ETH-USD,BTC-USD,0.8435541451841951
Full sample,ETH-USD,SOL-USD,0.7438689794302195
Full sample,SOL-USD,AAPL,0.2501303388340094
Full sample,SOL-USD,MSFT,0.296350782426168
Full sample,SOL-USD,NVDA,0.3163952834082127
Full sample,SOL-USD,GOOGL,0.2818237543909016
Full sample,SOL-USD,AMZN,0.297164614495371
Full sample,SOL-USD,META,0.21750380680466955
Full sample,SOL-USD,TSLA,0.3284333110961377
Full sample,SOL-USD,AMD,0.29051200060370624
Full sample,SOL-USD,NFLX,0.23845588172201096
Full sample,SOL-USD,CRM,0.24118334996900437
Full sample,SOL-USD,ORCL,0.17356613347870892
Full sample,SOL-USD,ADBE,0.22636803916841913
Full sample,SOL-USD,AVGO,0.22169915456573663
Full sample,SOL-USD,QCOM,0.24054963566289478
Full sample,SOL-USD,INTC,0.1867178953781435
Full sample,SOL-USD,BTC-USD,0.733128741409593
Full sample,SOL-USD,ETH-USD,0.7438689794302195
Warm-up,AAPL,MSFT,0.6364409355246587
Warm-up,AAPL,NVDA,0.5887862946777257
Warm-up,AAPL,GOOGL,0.5422108591904237
Warm-up,AAPL,AMZN,0.49552026714105807
Warm-up,AAPL,META,0.3601343367129011
Warm-up,AAPL,TSLA,0.4524678031218729
Warm-up,AAPL,AMD,0.5380485757037087
Warm-up,AAPL,NFLX,0.27969316718546666
Warm-up,AAPL,CRM,0.4743443537973652
Warm-up,AAPL,ORCL,0.34833522988319005
Warm-up,AAPL,ADBE,0.6196090346453355
Warm-up,AAPL,AVGO,0.6402895301511616
Warm-up,AAPL,QCOM,0.5283367786266533
Warm-up,AAPL,INTC,0.3251790008391109
Warm-up,AAPL,BTC-USD,0.24537516999122144
Warm-up,AAPL,ETH-USD,0.40570331680432864
Warm-up,AAPL,SOL-USD,0.28069074470391014
Warm-up,MSFT,AAPL,0.6364409355246587
Warm-up,MSFT,NVDA,0.6337095066283635
Warm-up,MSFT,GOOGL,0.7870474997855123
Warm-up,MSFT,AMZN,0.5211520026313141
Warm-up,MSFT,META,0.509292747035473
Warm-up,MSFT,TSLA,0.3994251101708498
Warm-up,MSFT,AMD,0.5558488441039992
Warm-up,MSFT,NFLX,0.39909866694475915
Warm-up,MSFT,CRM,0.6214211422336334
Warm-up,MSFT,ORCL,0.3858496403299183
Warm-up,MSFT,ADBE,0.7420975877311833
Warm-up,MSFT,AVGO,0.6812113235507732
Warm-up,MSFT,QCOM,0.5487828000365208
Warm-up,MSFT,INTC,0.34103804558350875
Warm-up,MSFT,BTC-USD,0.272482806120128
Warm-up,MSFT,ETH-USD,0.2976790196910769
Warm-up,MSFT,SOL-USD,0.19583168035854542
Warm-up,NVDA,AAPL,0.5887862946777257
Warm-up,NVDA,MSFT,0.6337095066283635
Warm-up,NVDA,GOOGL,0.5912809396688015
Warm-up,NVDA,AMZN,0.5542780076292769
Warm-up,NVDA,META,0.39948674467177353
Warm-up,NVDA,TSLA,0.4965708410152537
Warm-up,NVDA,AMD,0.8229177015700245
Warm-up,NVDA,NFLX,0.3333648212254199
Warm-up,NVDA,CRM,0.5984638722396102
Warm-up,NVDA,ORCL,0.2284548878428543
Warm-up,NVDA,ADBE,0.6491223096994339
Warm-up,NVDA,AVGO,0.6390207632847682
Warm-up,NVDA,QCOM,0.7314539131316351
Warm-up,NVDA,INTC,0.4163272281722667
Warm-up,NVDA,BTC-USD,0.31906054061222267
Warm-up,NVDA,ETH-USD,0.4077189322303199
Warm-up,NVDA,SOL-USD,0.36738280442181814
Warm-up,GOOGL,AAPL,0.5422108591904237
Warm-up,GOOGL,MSFT,0.7870474997855123
Warm-up,GOOGL,NVDA,0.5912809396688015
Warm-up,GOOGL,AMZN,0.47269797829114707
Warm-up,GOOGL,META,0.4705443403687168
Warm-up,GOOGL,TSLA,0.24065022930005714
Warm-up,GOOGL,AMD,0.5240967353281712
Warm-up,GOOGL,NFLX,0.2954579299632873
Warm-up,GOOGL,CRM,0.4733672485622736
Warm-up,GOOGL,ORCL,0.2814584494007842
Warm-up,GOOGL,ADBE,0.5679840959953524
Warm-up,GOOGL,AVGO,0.5907475656323792
Warm-up,GOOGL,QCOM,0.5795901021087293
Warm-up,GOOGL,INTC,0.4216932111707211
Warm-up,GOOGL,BTC-USD,0.1750883870054289
Warm-up,GOOGL,ETH-USD,0.2443823540995262
Warm-up,GOOGL,SOL-USD,0.11499621836529605
Warm-up,AMZN,AAPL,0.49552026714105807
Warm-up,AMZN,MSFT,0.5211520026313141
Warm-up,AMZN,NVDA,0.5542780076292769
Warm-up,AMZN,GOOGL,0.47269797829114707
Warm-up,AMZN,META,0.4913547865142141
Warm-up,AMZN,TSLA,0.3059035853203321
Warm-up,AMZN,AMD,0.4934380751113472
Warm-up,AMZN,NFLX,0.45750491689830364
Warm-up,AMZN,CRM,0.5408235381242467
Warm-up,AMZN,ORCL,0.11371581132947627
Warm-up,AMZN,ADBE,0.45552668045916744
Warm-up,AMZN,AVGO,0.4968122554889901
Warm-up,AMZN,QCOM,0.4898324479963503
Warm-up,AMZN,INTC,0.3133856515210983
Warm-up,AMZN,BTC-USD,0.4119069189130599
Warm-up,AMZN,ETH-USD,0.4322450941060209
Warm-up,AMZN,SOL-USD,0.2907622719909938
Warm-up,META,AAPL,0.3601343367129011
Warm-up,META,MSFT,0.509292747035473
Warm-up,META,NVDA,0.39948674467177353
Warm-up,META,GOOGL,0.4705443403687168
Warm-up,META,AMZN,0.4913547865142141
Warm-up,META,TSLA,0.23666218460374144
Warm-up,META,AMD,0.36039158398231635
Warm-up,META,NFLX,0.39836728135417565
Warm-up,META,CRM,0.5285592537422784
Warm-up,META,ORCL,0.1775059430871135
Warm-up,META,ADBE,0.4454410726617084
Warm-up,META,AVGO,0.39803698421022293
Warm-up,META,QCOM,0.44316350382954467
Warm-up,META,INTC,0.382465705558609
Warm-up,META,BTC-USD,0.11982571289593824
Warm-up,META,ETH-USD,0.20326007277167574
Warm-up,META,SOL-USD,0.12531827923175426
Warm-up,TSLA,AAPL,0.4524678031218729
Warm-up,TSLA,MSFT,0.3994251101708498
Warm-up,TSLA,NVDA,0.4965708410152537
Warm-up,TSLA,GOOGL,0.24065022930005714
Warm-up,TSLA,AMZN,0.3059035853203321
Warm-up,TSLA,META,0.23666218460374144
Warm-up,TSLA,AMD,0.5305239910958028
Warm-up,TSLA,NFLX,0.2816248675474402
Warm-up,TSLA,CRM,0.41520040541309
Warm-up,TSLA,ORCL,0.15557582217937382
Warm-up,TSLA,ADBE,0.43861322338793823
Warm-up,TSLA,AVGO,0.39506530723144434
Warm-up,TSLA,QCOM,0.35615624990634803
Warm-up,TSLA,INTC,0.38574833968144717
Warm-up,TSLA,BTC-USD,0.2695402605899763
Warm-up,TSLA,ETH-USD,0.3605622208074278
Warm-up,TSLA,SOL-USD,0.3868932031568865
Warm-up,AMD,AAPL,0.5380485757037087
Warm-up,AMD,MSFT,0.5558488441039992
Warm-up,AMD,NVDA,0.8229177015700245
Warm-up,AMD,GOOGL,0.5240967353281712
Warm-up,AMD,AMZN,0.4934380751113472
Warm-up,AMD,META,0.36039158398231635
Warm-up,AMD,TSLA,0.5305239910958028
Warm-up,AMD,NFLX,0.339075345425587
Warm-up,AMD,CRM,0.6042155139526022
Warm-up,AMD,ORCL,0.2818239940435567
Warm-up,AMD,ADBE,0.5971780140317562
Warm-up,AMD,AVGO,0.5671535911229967
Warm-up,AMD,QCOM,0.7054112717888564
Warm-up,AMD,INTC,0.4736632399812867
Warm-up,AMD,BTC-USD,0.38178321857878106
Warm-up,AMD,ETH-USD,0.41505307326885804
Warm-up,AMD,SOL-USD,0.4011618192735246
Warm-up,NFLX,AAPL,0.27969316718546666
Warm-up,NFLX,MSFT,0.39909866694475915
Warm-up,NFLX,NVDA,0.3333648212254199
Warm-up,NFLX,GOOGL,0.2954579299632873
Warm-up,NFLX,AMZN,0.45750491689830364
Warm-up,NFLX,META,0.39836728135417565
Warm-up,NFLX,TSLA,0.2816248675474402
Warm-up,NFLX,AMD,0.339075345425587
Warm-up,NFLX,CRM,0.45659313155304865
Warm-up,NFLX,ORCL,0.13944234706550163
Warm-up,NFLX,ADBE,0.38837499850858376
Warm-up,NFLX,AVGO,0.3669821558708099
Warm-up,NFLX,QCOM,0.19137275539280454
Warm-up,NFLX,INTC,0.05113813725710761
Warm-up,NFLX,BTC-USD,0.34313391437908625
Warm-up,NFLX,ETH-USD,0.44013193711366033
Warm-up,NFLX,SOL-USD,0.3457327861542055
Warm-up,CRM,AAPL,0.4743443537973652
Warm-up,CRM,MSFT,0.6214211422336334
Warm-up,CRM,NVDA,0.5984638722396102
Warm-up,CRM,GOOGL,0.4733672485622736
Warm-up,CRM,AMZN,0.5408235381242467
Warm-up,CRM,META,0.5285592537422784
Warm-up,CRM,TSLA,0.41520040541309
Warm-up,CRM,AMD,0.6042155139526022
Warm-up,CRM,NFLX,0.45659313155304865
Warm-up,CRM,ORCL,0.28490343771650256
Warm-up,CRM,ADBE,0.6894548933436522
Warm-up,CRM,AVGO,0.4951264033692883
Warm-up,CRM,QCOM,0.5045810087871347
Warm-up,CRM,INTC,0.2597600755305576
Warm-up,CRM,BTC-USD,0.3442734873422011
Warm-up,CRM,ETH-USD,0.3518707463913516
Warm-up,CRM,SOL-USD,0.19232296357040812
Warm-up,ORCL,AAPL,0.34833522988319005
Warm-up,ORCL,MSFT,0.3858496403299183
Warm-up,ORCL,NVDA,0.2284548878428543
Warm-up,ORCL,GOOGL,0.2814584494007842
Warm-up,ORCL,AMZN,0.11371581132947627
Warm-up,ORCL,META,0.1775059430871135
Warm-up,ORCL,TSLA,0.15557582217937382
Warm-up,ORCL,AMD,0.2818239940435567
Warm-up,ORCL,NFLX,0.13944234706550163
Warm-up,ORCL,CRM,0.28490343771650256
Warm-up,ORCL,ADBE,0.3937297274132877
Warm-up,ORCL,AVGO,0.46982161827381114
Warm-up,ORCL,QCOM,0.24830528273045077
Warm-up,ORCL,INTC,0.14523605627242514
Warm-up,ORCL,BTC-USD,0.11165159976241207
Warm-up,ORCL,ETH-USD,0.020521706689970554
Warm-up,ORCL,SOL-USD,0.041694055678574156
Warm-up,ADBE,AAPL,0.6196090346453355
Warm-up,ADBE,MSFT,0.7420975877311833
Warm-up,ADBE,NVDA,0.6491223096994339
Warm-up,ADBE,GOOGL,0.5679840959953524
Warm-up,ADBE,AMZN,0.45552668045916744
Warm-up,ADBE,META,0.4454410726617084
Warm-up,ADBE,TSLA,0.43861322338793823
Warm-up,ADBE,AMD,0.5971780140317562
Warm-up,ADBE,NFLX,0.38837499850858376
Warm-up,ADBE,CRM,0.6894548933436522
Warm-up,ADBE,ORCL,0.3937297274132877
Warm-up,ADBE,AVGO,0.5985446663373383
Warm-up,ADBE,QCOM,0.5748688493441453
Warm-up,ADBE,INTC,0.29594887605659337
Warm-up,ADBE,BTC-USD,0.3254439060059936
Warm-up,ADBE,ETH-USD,0.3374044853272609
Warm-up,ADBE,SOL-USD,0.2602798652213785
Warm-up,AVGO,AAPL,0.6402895301511616
Warm-up,AVGO,MSFT,0.6812113235507732
Warm-up,AVGO,NVDA,0.6390207632847682
Warm-up,AVGO,GOOGL,0.5907475656323792
Warm-up,AVGO,AMZN,0.4968122554889901
Warm-up,AVGO,META,0.39803698421022293
Warm-up,AVGO,TSLA,0.39506530723144434
Warm-up,AVGO,AMD,0.5671535911229967
Warm-up,AVGO,NFLX,0.3669821558708099
Warm-up,AVGO,CRM,0.4951264033692883
Warm-up,AVGO,ORCL,0.46982161827381114
Warm-up,AVGO,ADBE,0.5985446663373383
Warm-up,AVGO,QCOM,0.6362310416439373
Warm-up,AVGO,INTC,0.3977947129626805
Warm-up,AVGO,BTC-USD,0.30060886303468376
Warm-up,AVGO,ETH-USD,0.36363446124676246
Warm-up,AVGO,SOL-USD,0.2579045903311592
Warm-up,QCOM,AAPL,0.5283367786266533
Warm-up,QCOM,MSFT,0.5487828000365208
Warm-up,QCOM,NVDA,0.7314539131316351
Warm-up,QCOM,GOOGL,0.5795901021087293
Warm-up,QCOM,AMZN,0.4898324479963503
Warm-up,QCOM,META,0.44316350382954467
Warm-up,QCOM,TSLA,0.35615624990634803
Warm-up,QCOM,AMD,0.7054112717888564
Warm-up,QCOM,NFLX,0.19137275539280454
Warm-up,QCOM,CRM,0.5045810087871347
Warm-up,QCOM,ORCL,0.24830528273045077
Warm-up,QCOM,ADBE,0.5748688493441453
Warm-up,QCOM,AVGO,0.6362310416439373
Warm-up,QCOM,INTC,0.4664539571628029
Warm-up,QCOM,BTC-USD,0.14573412772064953
Warm-up,QCOM,ETH-USD,0.2188873851562572
Warm-up,QCOM,SOL-USD,0.16816354576210918
Warm-up,INTC,AAPL,0.3251790008391109
Warm-up,INTC,MSFT,0.34103804558350875
Warm-up,INTC,NVDA,0.4163272281722667
Warm-up,INTC,GOOGL,0.4216932111707211
Warm-up,INTC,AMZN,0.3133856515210983
Warm-up,INTC,META,0.382465705558609
Warm-up,INTC,TSLA,0.38574833968144717
Warm-up,INTC,AMD,0.4736632399812867
Warm-up,INTC,NFLX,0.05113813725710761
Warm-up,INTC,CRM,0.2597600755305576
Warm-up,INTC,ORCL,0.14523605627242514
Warm-up,INTC,ADBE,0.29594887605659337
Warm-up,INTC,AVGO,0.3977947129626805
Warm-up,INTC,QCOM,0.4664539571628029
Warm-up,INTC,BTC-USD,0.20577917310183683
Warm-up,INTC,ETH-USD,0.2597134711920196
Warm-up,INTC,SOL-USD,0.16847616365179685
Warm-up,BTC-USD,AAPL,0.24537516999122144
Warm-up,BTC-USD,MSFT,0.272482806120128
Warm-up,BTC-USD,NVDA,0.31906054061222267
Warm-up,BTC-USD,GOOGL,0.1750883870054289
Warm-up,BTC-USD,AMZN,0.4119069189130599
Warm-up,BTC-USD,META,0.11982571289593824
Warm-up,BTC-USD,TSLA,0.2695402605899763
Warm-up,BTC-USD,AMD,0.38178321857878106
Warm-up,BTC-USD,NFLX,0.34313391437908625
Warm-up,BTC-USD,CRM,0.3442734873422011
Warm-up,BTC-USD,ORCL,0.11165159976241207
Warm-up,BTC-USD,ADBE,0.3254439060059936
Warm-up,BTC-USD,AVGO,0.30060886303468376
Warm-up,BTC-USD,QCOM,0.14573412772064953
Warm-up,BTC-USD,INTC,0.20577917310183683
Warm-up,BTC-USD,ETH-USD,0.8053915121438664
Warm-up,BTC-USD,SOL-USD,0.602297455710148
Warm-up,ETH-USD,AAPL,0.40570331680432864
Warm-up,ETH-USD,MSFT,0.2976790196910769
Warm-up,ETH-USD,NVDA,0.4077189322303199
Warm-up,ETH-USD,GOOGL,0.2443823540995262
Warm-up,ETH-USD,AMZN,0.4322450941060209
Warm-up,ETH-USD,META,0.20326007277167574
Warm-up,ETH-USD,TSLA,0.3605622208074278
Warm-up,ETH-USD,AMD,0.41505307326885804
Warm-up,ETH-USD,NFLX,0.44013193711366033
Warm-up,ETH-USD,CRM,0.3518707463913516
Warm-up,ETH-USD,ORCL,0.020521706689970554
Warm-up,ETH-USD,ADBE,0.3374044853272609
Warm-up,ETH-USD,AVGO,0.36363446124676246
Warm-up,ETH-USD,QCOM,0.2188873851562572
Warm-up,ETH-USD,INTC,0.2597134711920196
Warm-up,ETH-USD,BTC-USD,0.8053915121438664
Warm-up,ETH-USD,SOL-USD,0.7454292010250082
Warm-up,SOL-USD,AAPL,0.28069074470391014
Warm-up,SOL-USD,MSFT,0.19583168035854542
Warm-up,SOL-USD,NVDA,0.36738280442181814
Warm-up,SOL-USD,GOOGL,0.11499621836529605
Warm-up,SOL-USD,AMZN,0.2907622719909938
Warm-up,SOL-USD,META,0.12531827923175426
Warm-up,SOL-USD,TSLA,0.3868932031568865
Warm-up,SOL-USD,AMD,0.4011618192735246
Warm-up,SOL-USD,NFLX,0.3457327861542055
Warm-up,SOL-USD,CRM,0.19232296357040812
Warm-up,SOL-USD,ORCL,0.041694055678574156
Warm-up,SOL-USD,ADBE,0.2602798652213785
Warm-up,SOL-USD,AVGO,0.2579045903311592
Warm-up,SOL-USD,QCOM,0.16816354576210918
Warm-up,SOL-USD,INTC,0.16847616365179685
Warm-up,SOL-USD,BTC-USD,0.602297455710148
Warm-up,SOL-USD,ETH-USD,0.7454292010250082
Elevated,AAPL,MSFT,0.7998489995882128
Elevated,AAPL,NVDA,0.7342790507419757
Elevated,AAPL,GOOGL,0.7906906168156044
Elevated,AAPL,AMZN,0.7057073849236251
Elevated,AAPL,META,0.638795378342138
Elevated,AAPL,TSLA,0.6995343645199504
Elevated,AAPL,AMD,0.7767984021885589
Elevated,AAPL,NFLX,0.46903495521702915
Elevated,AAPL,CRM,0.6858310681556926
Elevated,AAPL,ORCL,0.6758731138751441
Elevated,AAPL,ADBE,0.669767910680974
Elevated,AAPL,AVGO,0.7921667375347112
Elevated,AAPL,QCOM,0.8113081112477992
Elevated,AAPL,INTC,0.7877192720837737
Elevated,AAPL,BTC-USD,0.5333914912145772
Elevated,AAPL,ETH-USD,0.5546480043059093
Elevated,AAPL,SOL-USD,0.40578230036267504
Elevated,MSFT,AAPL,0.7998489995882128
Elevated,MSFT,NVDA,0.7675986278501392
Elevated,MSFT,GOOGL,0.8796660129069795
Elevated,MSFT,AMZN,0.7684640816042172
Elevated,MSFT,META,0.6476947486855018
Elevated,MSFT,TSLA,0.5710654970474711
Elevated,MSFT,AMD,0.7783060934623869
Elevated,MSFT,NFLX,0.43392855259124163
Elevated,MSFT,CRM,0.7389409304650453
Elevated,MSFT,ORCL,0.6650785518961048
Elevated,MSFT,ADBE,0.7515728853028806
Elevated,MSFT,AVGO,0.7522675023466368
Elevated,MSFT,QCOM,0.7595327401795748
Elevated,MSFT,INTC,0.7303099633804602
Elevated,MSFT,BTC-USD,0.5620078450588185
Elevated,MSFT,ETH-USD,0.5408474166470006
Elevated,MSFT,SOL-USD,0.4285934610274976
Elevated,NVDA,AAPL,0.7342790507419757
Elevated,NVDA,MSFT,0.7675986278501392
Elevated,NVDA,GOOGL,0.7436942018262993
Elevated,NVDA,AMZN,0.702850852642639
Elevated,NVDA,META,0.5926792794238144
Elevated,NVDA,TSLA,0.6492586099685137
Elevated,NVDA,AMD,0.8686822721830636
Elevated,NVDA,NFLX,0.49519539696508047
Elevated,NVDA,CRM,0.7201886479725707
Elevated,NVDA,ORCL,0.6494537470616378
Elevated,NVDA,ADBE,0.6631940029847191
Elevated,NVDA,AVGO,0.8057562215439111
Elevated,NVDA,QCOM,0.8090479430767614
Elevated,NVDA,INTC,0.7374018408555332
Elevated,NVDA,BTC-USD,0.5305676899536522
Elevated,NVDA,ETH-USD,0.5375127188644464
Elevated,NVDA,SOL-USD,0.45086506128626297
Elevated,GOOGL,AAPL,0.7906906168156044
Elevated,GOOGL,MSFT,0.8796660129069795
Elevated,GOOGL,NVDA,0.7436942018262993
Elevated,GOOGL,AMZN,0.793405006885313
Elevated,GOOGL,META,0.7129350150271063
Elevated,GOOGL,TSLA,0.545745190883596
Elevated,GOOGL,AMD,0.7459016460188628
Elevated,GOOGL,NFLX,0.4958018788001523
Elevated,GOOGL,CRM,0.7113869954947615
Elevated,GOOGL,ORCL,0.6355352307448917
Elevated,GOOGL,ADBE,0.7352738170127561
Elevated,GOOGL,AVGO,0.7459183090956962
Elevated,GOOGL,QCOM,0.7682072602812157
Elevated,GOOGL,INTC,0.7296192781902202
Elevated,GOOGL,BTC-USD,0.5141337778536635
Elevated,GOOGL,ETH-USD,0.5139502761129077
Elevated,GOOGL,SOL-USD,0.4129657889475651
Elevated,AMZN,AAPL,0.7057073849236251
Elevated,AMZN,MSFT,0.7684640816042172
Elevated,AMZN,NVDA,0.702850852642639
Elevated,AMZN,GOOGL,0.793405006885313
Elevated,AMZN,META,0.6437642665494958
Elevated,AMZN,TSLA,0.58135253795985
Elevated,AMZN,AMD,0.6864819962359223
Elevated,AMZN,NFLX,0.5351109651692992
Elevated,AMZN,CRM,0.6936908688833073
Elevated,AMZN,ORCL,0.6375981621952482
Elevated,AMZN,ADBE,0.6340771919933025
Elevated,AMZN,AVGO,0.7041926809209819
Elevated,AMZN,QCOM,0.713743179906713
Elevated,AMZN,INTC,0.6320626157663005
Elevated,AMZN,BTC-USD,0.4940456605129206
Elevated,AMZN,ETH-USD,0.5071100312931883
Elevated,AMZN,SOL-USD,0.42433029567376984
Elevated,META,AAPL,0.638795378342138
Elevated,META,MSFT,0.6476947486855018
Elevated,META,NVDA,0.5926792794238144
Elevated,META,GOOGL,0.7129350150271063
Elevated,META,AMZN,0.6437642665494958
Elevated,META,TSLA,0.4514490426601743
Elevated,META,AMD,0.6271924450230077
Elevated,META,NFLX,0.548273590075776
Elevated,META,CRM,0.607863579641589
Elevated,META,ORCL,0.4807583862308871
Elevated,META,ADBE,0.5834433263573323
Elevated,META,AVGO,0.6253923737775542
Elevated,META,QCOM,0.6727584209249212
Elevated,META,INTC,0.6150711809418921
Elevated,META,BTC-USD,0.37119723471088495
Elevated,META,ETH-USD,0.37963879097318054
Elevated,META,SOL-USD,0.25493946092751274
Elevated,TSLA,AAPL,0.6995343645199504
Elevated,TSLA,MSFT,0.5710654970474711
Elevated,TSLA,NVDA,0.6492586099685137
Elevated,TSLA,GOOGL,0.545745190883596
Elevated,TSLA,AMZN,0.58135253795985
Elevated,TSLA,META,0.4514490426601743
Elevated,TSLA,AMD,0.6332489716359414
Elevated,TSLA,NFLX,0.5067197990284922
Elevated,TSLA,CRM,0.5006309749657851
Elevated,TSLA,ORCL,0.49504877730059055
Elevated,TSLA,ADBE,0.4970044741079657
Elevated,TSLA,AVGO,0.6148695917089454
Elevated,TSLA,QCOM,0.5907693031163256
Elevated,TSLA,INTC,0.526652502588891
Elevated,TSLA,BTC-USD,0.5026014917892584
Elevated,TSLA,ETH-USD,0.5274647382455587
Elevated,TSLA,SOL-USD,0.39636324743993073
Elevated,AMD,AAPL,0.7767984021885589
Elevated,AMD,MSFT,0.7783060934623869
Elevated,AMD,NVDA,0.8686822721830636
Elevated,AMD,GOOGL,0.7459016460188628
Elevated,AMD,AMZN,0.6864819962359223
Elevated,AMD,META,0.6271924450230077
Elevated,AMD,TSLA,0.6332489716359414
Elevated,AMD,NFLX,0.4761198021825067
Elevated,AMD,CRM,0.6827173167081114
Elevated,AMD,ORCL,0.6542052847393118
Elevated,AMD,ADBE,0.6349715633347284
Elevated,AMD,AVGO,0.7976548634386348
Elevated,AMD,QCOM,0.7760641957835644
Elevated,AMD,INTC,0.8152192012624654
Elevated,AMD,BTC-USD,0.5288573324565339
Elevated,AMD,ETH-USD,0.5446408315817406
Elevated,AMD,SOL-USD,0.43149209627147617
Elevated,NFLX,AAPL,0.46903495521702915
Elevated,NFLX,MSFT,0.43392855259124163
Elevated,NFLX,NVDA,0.49519539696508047
Elevated,NFLX,GOOGL,0.4958018788001523
Elevated,NFLX,AMZN,0.5351109651692992
Elevated,NFLX,META,0.548273590075776
Elevated,NFLX,TSLA,0.5067197990284922
Elevated,NFLX,AMD,0.4761198021825067
Elevated,NFLX,CRM,0.5033398247361761
Elevated,NFLX,ORCL,0.35429700985635876
Elevated,NFLX,ADBE,0.4472306848971804
Elevated,NFLX,AVGO,0.4611140689665225
Elevated,NFLX,QCOM,0.504847872574669
Elevated,NFLX,INTC,0.43151236454020653
Elevated,NFLX,BTC-USD,0.3250988091351239
Elevated,NFLX,ETH-USD,0.31209918936636716
Elevated,NFLX,SOL-USD,0.24582965450683025
Elevated,CRM,AAPL,0.6858310681556926
Elevated,CRM,MSFT,0.7389409304650453
Elevated,CRM,NVDA,0.7201886479725707
Elevated,CRM,GOOGL,0.7113869954947615
Elevated,CRM,AMZN,0.6936908688833073
Elevated,CRM,META,0.607863579641589
Elevated,CRM,TSLA,0.5006309749657851
Elevated,CRM,AMD,0.6827173167081114
Elevated,CRM,NFLX,0.5033398247361761
Elevated,CRM,ORCL,0.6054717769993575
Elevated,CRM,ADBE,0.7501044161072689
Elevated,CRM,AVGO,0.6755913843234678
Elevated,CRM,QCOM,0.7480616569352937
Elevated,CRM,INTC,0.6355958594503535
Elevated,CRM,BTC-USD,0.49515714122757104
Elevated,CRM,ETH-USD,0.48843193600957535
Elevated,CRM,SOL-USD,0.40099353630236495
Elevated,ORCL,AAPL,0.6758731138751441
Elevated,ORCL,MSFT,0.6650785518961048
Elevated,ORCL,NVDA,0.6494537470616378
Elevated,ORCL,GOOGL,0.6355352307448917
Elevated,ORCL,AMZN,0.6375981621952482
Elevated,ORCL,META,0.4807583862308871
Elevated,ORCL,TSLA,0.49504877730059055
Elevated,ORCL,AMD,0.6542052847393118
Elevated,ORCL,NFLX,0.35429700985635876
Elevated,ORCL,CRM,0.6054717769993575
Elevated,ORCL,ADBE,0.5751097548819553
Elevated,ORCL,AVGO,0.7124323982097587
Elevated,ORCL,QCOM,0.647001674097576
Elevated,ORCL,INTC,0.6775001691582987
Elevated,ORCL,BTC-USD,0.42645657430816053
Elevated,ORCL,ETH-USD,0.45415399739740997
Elevated,ORCL,SOL-USD,0.32633615061476673
Elevated,ADBE,AAPL,0.669767910680974
Elevated,ADBE,MSFT,0.7515728853028806
Elevated,ADBE,NVDA,0.6631940029847191
Elevated,ADBE,GOOGL,0.7352738170127561
Elevated,ADBE,AMZN,0.6340771919933025
Elevated,ADBE,META,0.5834433263573323
Elevated,ADBE,TSLA,0.4970044741079657
Elevated,ADBE,AMD,0.6349715633347284
Elevated,ADBE,NFLX,0.4472306848971804
Elevated,ADBE,CRM,0.7501044161072689
Elevated,ADBE,ORCL,0.5751097548819553
Elevated,ADBE,AVGO,0.6578356868878797
Elevated,ADBE,QCOM,0.6937648491317787
Elevated,ADBE,INTC,0.6050516791198975
Elevated,ADBE,BTC-USD,0.4798574287824015
Elevated,ADBE,ETH-USD,0.5304515957210013
Elevated,ADBE,SOL-USD,0.3793483244641723
Elevated,AVGO,AAPL,0.7921667375347112
Elevated,AVGO,MSFT,0.7522675023466368
Elevated,AVGO,NVDA,0.8057562215439111
Elevated,AVGO,GOOGL,0.7459183090956962
Elevated,AVGO,AMZN,0.7041926809209819
Elevated,AVGO,META,0.6253923737775542
Elevated,AVGO,TSLA,0.6148695917089454
Elevated,AVGO,AMD,0.7976548634386348
Elevated,AVGO,NFLX,0.4611140689665225
Elevated,AVGO,CRM,0.6755913843234678
Elevated,AVGO,ORCL,0.7124323982097587
Elevated,AVGO,ADBE,0.6578356868878797
Elevated,AVGO,QCOM,0.8560924784343679
Elevated,AVGO,INTC,0.7927966450689379
Elevated,AVGO,BTC-USD,0.4547640208449964
Elevated,AVGO,ETH-USD,0.4819976079472601
Elevated,AVGO,SOL-USD,0.34571062797045904
Elevated,QCOM,AAPL,0.8113081112477992
Elevated,QCOM,MSFT,0.7595327401795748
Elevated,QCOM,NVDA,0.8090479430767614
Elevated,QCOM,GOOGL,0.7682072602812157
Elevated,QCOM,AMZN,0.713743179906713
Elevated,QCOM,META,0.6727584209249212
Elevated,QCOM,TSLA,0.5907693031163256
Elevated,QCOM,AMD,0.7760641957835644
Elevated,QCOM,NFLX,0.504847872574669
Elevated,QCOM,CRM,0.7480616569352937
Elevated,QCOM,ORCL,0.647001674097576
Elevated,QCOM,ADBE,0.6937648491317787
Elevated,QCOM,AVGO,0.8560924784343679
Elevated,QCOM,INTC,0.7905661358105763
Elevated,QCOM,BTC-USD,0.47271951939572604
Elevated,QCOM,ETH-USD,0.4917907840878647
Elevated,QCOM,SOL-USD,0.3189090242576199
Elevated,INTC,AAPL,0.7877192720837737
Elevated,INTC,MSFT,0.7303099633804602
Elevated,INTC,NVDA,0.7374018408555332
Elevated,INTC,GOOGL,0.7296192781902202
Elevated,INTC,AMZN,0.6320626157663005
Elevated,INTC,META,0.6150711809418921
Elevated,INTC,TSLA,0.526652502588891
Elevated,INTC,AMD,0.8152192012624654
Elevated,INTC,NFLX,0.43151236454020653
Elevated,INTC,CRM,0.6355958594503535
Elevated,INTC,ORCL,0.6775001691582987
Elevated,INTC,ADBE,0.6050516791198975
Elevated,INTC,AVGO,0.7927966450689379
Elevated,INTC,QCOM,0.7905661358105763
Elevated,INTC,BTC-USD,0.45032853205010187
Elevated,INTC,ETH-USD,0.4930793730770066
Elevated,INTC,SOL-USD,0.3738537414550897
Elevated,BTC-USD,AAPL,0.5333914912145772
Elevated,BTC-USD,MSFT,0.5620078450588185
Elevated,BTC-USD,NVDA,0.5305676899536522
Elevated,BTC-USD,GOOGL,0.5141337778536635
Elevated,BTC-USD,AMZN,0.4940456605129206
Elevated,BTC-USD,META,0.37119723471088495
Elevated,BTC-USD,TSLA,0.5026014917892584
Elevated,BTC-USD,AMD,0.5288573324565339
Elevated,BTC-USD,NFLX,0.3250988091351239
Elevated,BTC-USD,CRM,0.49515714122757104
Elevated,BTC-USD,ORCL,0.42645657430816053
Elevated,BTC-USD,ADBE,0.4798574287824015
Elevated,BTC-USD,AVGO,0.4547640208449964
Elevated,BTC-USD,QCOM,0.47271951939572604
Elevated,BTC-USD,INTC,0.45032853205010187
Elevated,BTC-USD,ETH-USD,0.9011666175548398
Elevated,BTC-USD,SOL-USD,0.751653647241604
Elevated,ETH-USD,AAPL,0.5546480043059093
Elevated,ETH-USD,MSFT,0.5408474166470006
Elevated,ETH-USD,NVDA,0.5375127188644464
Elevated,ETH-USD,GOOGL,0.5139502761129077
Elevated,ETH-USD,AMZN,0.5071100312931883
Elevated,ETH-USD,META,0.37963879097318054
Elevated,ETH-USD,TSLA,0.5274647382455587
Elevated,ETH-USD,AMD,0.5446408315817406
Elevated,ETH-USD,NFLX,0.31209918936636716
Elevated,ETH-USD,CRM,0.48843193600957535
Elevated,ETH-USD,ORCL,0.45415399739740997
Elevated,ETH-USD,ADBE,0.5304515957210013
Elevated,ETH-USD,AVGO,0.4819976079472601
Elevated,ETH-USD,QCOM,0.4917907840878647
Elevated,ETH-USD,INTC,0.4930793730770066
Elevated,ETH-USD,BTC-USD,0.9011666175548398
Elevated,ETH-USD,SOL-USD,0.7813500955871953
Elevated,SOL-USD,AAPL,0.40578230036267504
Elevated,SOL-USD,MSFT,0.4285934610274976
Elevated,SOL-USD,NVDA,0.45086506128626297
Elevated,SOL-USD,GOOGL,0.4129657889475651
Elevated,SOL-USD,AMZN,0.42433029567376984
Elevated,SOL-USD,META,0.25493946092751274
Elevated,SOL-USD,TSLA,0.39636324743993073
Elevated,SOL-USD,AMD,0.43149209627147617
Elevated,SOL-USD,NFLX,0.24582965450683025
Elevated,SOL-USD,CRM,0.40099353630236495
Elevated,SOL-USD,ORCL,0.32633615061476673
Elevated,SOL-USD,ADBE,0.3793483244641723
Elevated,SOL-USD,AVGO,0.34571062797045904
Elevated,SOL-USD,QCOM,0.3189090242576199
Elevated,SOL-USD,INTC,0.3738537414550897
Elevated,SOL-USD,BTC-USD,0.751653647241604
Elevated,SOL-USD,ETH-USD,0.7813500955871953
Crisis,AAPL,MSFT,0.7511359667732296
Crisis,AAPL,NVDA,0.7430078577226279
Crisis,AAPL,GOOGL,0.7137253124598159
Crisis,AAPL,AMZN,0.7597181422502399
Crisis,AAPL,META,0.6210398406413793
Crisis,AAPL,TSLA,0.642599736193057
Crisis,AAPL,AMD,0.6974142441193082
Crisis,AAPL,NFLX,0.5572569374832794
Crisis,AAPL,CRM,0.5926083529941647
Crisis,AAPL,ORCL,0.5987986670781515
Crisis,AAPL,ADBE,0.7105081609777422
Crisis,AAPL,AVGO,0.6826186335119278
Crisis,AAPL,QCOM,0.6469276412595361
Crisis,AAPL,INTC,0.5697981947996509
Crisis,AAPL,BTC-USD,0.3872231679744648
Crisis,AAPL,ETH-USD,0.4019922121777498
Crisis,AAPL,SOL-USD,0.44343690665614977
Crisis,MSFT,AAPL,0.7511359667732296
Crisis,MSFT,NVDA,0.7683164983719183
Crisis,MSFT,GOOGL,0.7426740183584201
Crisis,MSFT,AMZN,0.7644197752980769
Crisis,MSFT,META,0.671931456846953
Crisis,MSFT,TSLA,0.562323690358205
Crisis,MSFT,AMD,0.6584123777153235
Crisis,MSFT,NFLX,0.5708363811348383
Crisis,MSFT,CRM,0.6641731376277747
Crisis,MSFT,ORCL,0.6606265191566886
Crisis,MSFT,ADBE,0.7352842430200093
Crisis,MSFT,AVGO,0.6799994593448274
Crisis,MSFT,QCOM,0.47452136741081985
Crisis,MSFT,INTC,0.5141801351115425
Crisis,MSFT,BTC-USD,0.45554928980356235
Crisis,MSFT,ETH-USD,0.45538816717265646
Crisis,MSFT,SOL-USD,0.47826713299732415
Crisis,NVDA,AAPL,0.7430078577226279
Crisis,NVDA,MSFT,0.7683164983719183
Crisis,NVDA,GOOGL,0.7262687660170537
Crisis,NVDA,AMZN,0.7706030563040687
Crisis,NVDA,META,0.7578901421306138
Crisis,NVDA,TSLA,0.7282803314096447
Crisis,NVDA,AMD,0.8919898142594413
Crisis,NVDA,NFLX,0.6714333267520649
Crisis,NVDA,CRM,0.6555701362339051
Crisis,NVDA,ORCL,0.5964405706778114
Crisis,NVDA,ADBE,0.7527625097394439
Crisis,NVDA,AVGO,0.7785064220046642
Crisis,NVDA,QCOM,0.7224875583394424
Crisis,NVDA,INTC,0.6133501908302409
Crisis,NVDA,BTC-USD,0.458830339058004
Crisis,NVDA,ETH-USD,0.45465262376981547
Crisis,NVDA,SOL-USD,0.46903007536190383
Crisis,GOOGL,AAPL,0.7137253124598159
Crisis,GOOGL,MSFT,0.7426740183584201
Crisis,GOOGL,NVDA,0.7262687660170537
Crisis,GOOGL,AMZN,0.7080159457884783
Crisis,GOOGL,META,0.7055585722070379
Crisis,GOOGL,TSLA,0.611017554995826
Crisis,GOOGL,AMD,0.6977007239657237
Crisis,GOOGL,NFLX,0.5577029681293666
Crisis,GOOGL,CRM,0.6082965669661518
Crisis,GOOGL,ORCL,0.5075836678097909
Crisis,GOOGL,ADBE,0.6935345442269509
Crisis,GOOGL,AVGO,0.6072818585021449
Crisis,GOOGL,QCOM,0.5437796220967102
Crisis,GOOGL,INTC,0.47385003448947194
Crisis,GOOGL,BTC-USD,0.43752971677365476
Crisis,GOOGL,ETH-USD,0.40173436236224097
Crisis,GOOGL,SOL-USD,0.43531489649502875
Crisis,AMZN,AAPL,0.7597181422502399
Crisis,AMZN,MSFT,0.7644197752980769
Crisis,AMZN,NVDA,0.7706030563040687
Crisis,AMZN,GOOGL,0.7080159457884783
Crisis,AMZN,META,0.7162257360857915
Crisis,AMZN,TSLA,0.6554850543181675
Crisis,AMZN,AMD,0.7208947267487431
Crisis,AMZN,NFLX,0.6304221781682319
Crisis,AMZN,CRM,0.6941331076281995
Crisis,AMZN,ORCL,0.5721342423769945
Crisis,AMZN,ADBE,0.7394616620651187
Crisis,AMZN,AVGO,0.6724915618917217
Crisis,AMZN,QCOM,0.5450004149879055
Crisis,AMZN,INTC,0.45454707797116484
Crisis,AMZN,BTC-USD,0.4437648512161084
Crisis,AMZN,ETH-USD,0.45389120104694475
Crisis,AMZN,SOL-USD,0.4382485369033258
Crisis,META,AAPL,0.6210398406413793
Crisis,META,MSFT,0.671931456846953
Crisis,META,NVDA,0.7578901421306138
Crisis,META,GOOGL,0.7055585722070379
Crisis,META,AMZN,0.7162257360857915
Crisis,META,TSLA,0.5191684422901113
Crisis,META,AMD,0.6814226211853317
Crisis,META,NFLX,0.6942491099055725
Crisis,META,CRM,0.6036630526186234
Crisis,META,ORCL,0.5637251005717812
Crisis,META,ADBE,0.6996222403365252
Crisis,META,AVGO,0.6375657837163002
Crisis,META,QCOM,0.5891764789906778
Crisis,META,INTC,0.5588673705107754
Crisis,META,BTC-USD,0.39801681775943326
Crisis,META,ETH-USD,0.392446963622207
Crisis,META,SOL-USD,0.3421645071582676
Crisis,TSLA,AAPL,0.642599736193057
Crisis,TSLA,MSFT,0.562323690358205
Crisis,TSLA,NVDA,0.7282803314096447
Crisis,TSLA,GOOGL,0.611017554995826
Crisis,TSLA,AMZN,0.6554850543181675
Crisis,TSLA,META,0.5191684422901113
Crisis,TSLA,AMD,0.6644708153603649
Crisis,TSLA,NFLX,0.5085814619013517
Crisis,TSLA,CRM,0.554372855646722
Crisis,TSLA,ORCL,0.504199743705293
Crisis,TSLA,ADBE,0.5595556958206255
Crisis,TSLA,AVGO,0.6064627931560983
Crisis,TSLA,QCOM,0.5516382227368162
Crisis,TSLA,INTC,0.42927167229045715
Crisis,TSLA,BTC-USD,0.4048716280262466
Crisis,TSLA,ETH-USD,0.4355832990251768
Crisis,TSLA,SOL-USD,0.479917245339281
Crisis,AMD,AAPL,0.6974142441193082
Crisis,AMD,MSFT,0.6584123777153235
Crisis,AMD,NVDA,0.8919898142594413
Crisis,AMD,GOOGL,0.6977007239657237
Crisis,AMD,AMZN,0.7208947267487431
Crisis,AMD,META,0.6814226211853317
Crisis,AMD,TSLA,0.6644708153603649
Crisis,AMD,NFLX,0.6026140215939085
Crisis,AMD,CRM,0.6102964217963441
Crisis,AMD,ORCL,0.5338638711591334
Crisis,AMD,ADBE,0.7090372408554115
Crisis,AMD,AVGO,0.7284210594107409
Crisis,AMD,QCOM,0.7370034420834795
Crisis,AMD,INTC,0.6243318839413508
Crisis,AMD,BTC-USD,0.4080448682684082
Crisis,AMD,ETH-USD,0.3932944195748445
Crisis,AMD,SOL-USD,0.3727149336050992
Crisis,NFLX,AAPL,0.5572569374832794
Crisis,NFLX,MSFT,0.5708363811348383
Crisis,NFLX,NVDA,0.6714333267520649
Crisis,NFLX,GOOGL,0.5577029681293666
Crisis,NFLX,AMZN,0.6304221781682319
Crisis,NFLX,META,0.6942491099055725
Crisis,NFLX,TSLA,0.5085814619013517
Crisis,NFLX,AMD,0.6026140215939085
Crisis,NFLX,CRM,0.5963444149390071
Crisis,NFLX,ORCL,0.41986445144626355
Crisis,NFLX,ADBE,0.6989497275908306
Crisis,NFLX,AVGO,0.5013354215433539
Crisis,NFLX,QCOM,0.5139045070319516
Crisis,NFLX,INTC,0.47542026360803447
Crisis,NFLX,BTC-USD,0.4302305154883943
Crisis,NFLX,ETH-USD,0.3594320636280692
Crisis,NFLX,SOL-USD,0.3567245338234791
Crisis,CRM,AAPL,0.5926083529941647
Crisis,CRM,MSFT,0.6641731376277747
Crisis,CRM,NVDA,0.6555701362339051
Crisis,CRM,GOOGL,0.6082965669661518
Crisis,CRM,AMZN,0.6941331076281995
Crisis,CRM,META,0.6036630526186234
Crisis,CRM,TSLA,0.554372855646722
Crisis,CRM,AMD,0.6102964217963441
Crisis,CRM,NFLX,0.5963444149390071
Crisis,CRM,ORCL,0.5478629066777173
Crisis,CRM,ADBE,0.7409917918009584
Crisis,CRM,AVGO,0.5757942137369993
Crisis,CRM,QCOM,0.48890650707943584
Crisis,CRM,INTC,0.4608029362165332
Crisis,CRM,BTC-USD,0.3262497349181932
Crisis,CRM,ETH-USD,0.3630091193791119
Crisis,CRM,SOL-USD,0.32685624126080126
Crisis,ORCL,AAPL,0.5987986670781515
Crisis,ORCL,MSFT,0.6606265191566886
Crisis,ORCL,NVDA,0.5964405706778114
Crisis,ORCL,GOOGL,0.5075836678097909
Crisis,ORCL,AMZN,0.5721342423769945
Crisis,ORCL,META,0.5637251005717812
Crisis,ORCL,TSLA,0.504199743705293
Crisis,ORCL,AMD,0.5338638711591334
Crisis,ORCL,NFLX,0.41986445144626355
Crisis,ORCL,CRM,0.5478629066777173
Crisis,ORCL,ADBE,0.5677358623967581
Crisis,ORCL,AVGO,0.5936237532224207
Crisis,ORCL,QCOM,0.43715336254643516
Crisis,ORCL,INTC,0.5240625971065954
Crisis,ORCL,BTC-USD,0.2623316260022552
Crisis,ORCL,ETH-USD,0.3209156905758342
Crisis,ORCL,SOL-USD,0.2815919296968765
Crisis,ADBE,AAPL,0.7105081609777422
Crisis,ADBE,MSFT,0.7352842430200093
Crisis,ADBE,NVDA,0.7527625097394439
Crisis,ADBE,GOOGL,0.6935345442269509
Crisis,ADBE,AMZN,0.7394616620651187
Crisis,ADBE,META,0.6996222403365252
Crisis,ADBE,TSLA,0.5595556958206255
Crisis,ADBE,AMD,0.7090372408554115
Crisis,ADBE,NFLX,0.6989497275908306
Crisis,ADBE,CRM,0.7409917918009584
Crisis,ADBE,ORCL,0.5677358623967581
Crisis,ADBE,AVGO,0.616934553281823
Crisis,ADBE,QCOM,0.5874569065149641
Crisis,ADBE,INTC,0.5089527211054771
Crisis,ADBE,BTC-USD,0.413356157745924
Crisis,ADBE,ETH-USD,0.3605179838923675
Crisis,ADBE,SOL-USD,0.35908493077358633
Crisis,AVGO,AAPL,0.6826186335119278
Crisis,AVGO,MSFT,0.6799994593448274
Crisis,AVGO,NVDA,0.7785064220046642
Crisis,AVGO,GOOGL,0.6072818585021449
Crisis,AVGO,AMZN,0.6724915618917217
Crisis,AVGO,META,0.6375657837163002
Crisis,AVGO,TSLA,0.6064627931560983
Crisis,AVGO,AMD,0.7284210594107409
Crisis,AVGO,NFLX,0.5013354215433539
Crisis,AVGO,CRM,0.5757942137369993
Crisis,AVGO,ORCL,0.5936237532224207
Crisis,AVGO,ADBE,0.616934553281823
Crisis,AVGO,QCOM,0.6817951737254079
Crisis,AVGO,INTC,0.6402405939290808
Crisis,AVGO,BTC-USD,0.3528843454153999
Crisis,AVGO,ETH-USD,0.3497764725652777
Crisis,AVGO,SOL-USD,0.34285918244620806
Crisis,QCOM,AAPL,0.6469276412595361
Crisis,QCOM,MSFT,0.47452136741081985
Crisis,QCOM,NVDA,0.7224875583394424
Crisis,QCOM,GOOGL,0.5437796220967102
Crisis,QCOM,AMZN,0.5450004149879055
Crisis,QCOM,META,0.5891764789906778
Crisis,QCOM,TSLA,0.5516382227368162
Crisis,QCOM,AMD,0.7370034420834795
Crisis,QCOM,NFLX,0.5139045070319516
Crisis,QCOM,CRM,0.48890650707943584
Crisis,QCOM,ORCL,0.43715336254643516
Crisis,QCOM,ADBE,0.5874569065149641
Crisis,QCOM,AVGO,0.6817951737254079
Crisis,QCOM,INTC,0.6319043844428706
Crisis,QCOM,BTC-USD,0.37840741403718037
Crisis,QCOM,ETH-USD,0.32891411090406525
Crisis,QCOM,SOL-USD,0.349309072293554
Crisis,INTC,AAPL,0.5697981947996509
Crisis,INTC,MSFT,0.5141801351115425
Crisis,INTC,NVDA,0.6133501908302409
Crisis,INTC,GOOGL,0.47385003448947194
Crisis,INTC,AMZN,0.45454707797116484
Crisis,INTC,META,0.5588673705107754
Crisis,INTC,TSLA,0.42927167229045715
Crisis,INTC,AMD,0.6243318839413508
Crisis,INTC,NFLX,0.47542026360803447
Crisis,INTC,CRM,0.4608029362165332
Crisis,INTC,ORCL,0.5240625971065954
Crisis,INTC,ADBE,0.5089527211054771
Crisis,INTC,AVGO,0.6402405939290808
Crisis,INTC,QCOM,0.6319043844428706
Crisis,INTC,BTC-USD,0.34780079489878196
Crisis,INTC,ETH-USD,0.37692846048638223
Crisis,INTC,SOL-USD,0.3639191638196596
Crisis,BTC-USD,AAPL,0.3872231679744648
Crisis,BTC-USD,MSFT,0.45554928980356235
Crisis,BTC-USD,NVDA,0.458830339058004
Crisis,BTC-USD,GOOGL,0.43752971677365476
Crisis,BTC-USD,AMZN,0.4437648512161084
Crisis,BTC-USD,META,0.39801681775943326
Crisis,BTC-USD,TSLA,0.4048716280262466
Crisis,BTC-USD,AMD,0.4080448682684082
Crisis,BTC-USD,NFLX,0.4302305154883943
Crisis,BTC-USD,CRM,0.3262497349181932
Crisis,BTC-USD,ORCL,0.2623316260022552
Crisis,BTC-USD,ADBE,0.413356157745924
Crisis,BTC-USD,AVGO,0.3528843454153999
Crisis,BTC-USD,QCOM,0.37840741403718037
Crisis,BTC-USD,INTC,0.34780079489878196
Crisis,BTC-USD,ETH-USD,0.860202176962095
Crisis,BTC-USD,SOL-USD,0.7979110838729635
Crisis,ETH-USD,AAPL,0.4019922121777498
Crisis,ETH-USD,MSFT,0.45538816717265646
Crisis,ETH-USD,NVDA,0.45465262376981547
Crisis,ETH-USD,GOOGL,0.40173436236224097
Crisis,ETH-USD,AMZN,0.45389120104694475
Crisis,ETH-USD,META,0.392446963622207
Crisis,ETH-USD,TSLA,0.4355832990251768
Crisis,ETH-USD,AMD,0.3932944195748445
Crisis,ETH-USD,NFLX,0.3594320636280692
Crisis,ETH-USD,CRM,0.3630091193791119
Crisis,ETH-USD,ORCL,0.3209156905758342
Crisis,ETH-USD,ADBE,0.3605179838923675
Crisis,ETH-USD,AVGO,0.3497764725652777
Crisis,ETH-USD,QCOM,0.32891411090406525
Crisis,ETH-USD,INTC,0.37692846048638223
Crisis,ETH-USD,BTC-USD,0.860202176962095
Crisis,ETH-USD,SOL-USD,0.8242608846779135
Crisis,SOL-USD,AAPL,0.44343690665614977
Crisis,SOL-USD,MSFT,0.47826713299732415
Crisis,SOL-USD,NVDA,0.46903007536190383
Crisis,SOL-USD,GOOGL,0.43531489649502875
Crisis,SOL-USD,AMZN,0.4382485369033258
Crisis,SOL-USD,META,0.3421645071582676
Crisis,SOL-USD,TSLA,0.479917245339281
Crisis,SOL-USD,AMD,0.3727149336050992
Crisis,SOL-USD,NFLX,0.3567245338234791
Crisis,SOL-USD,CRM,0.32685624126080126
Crisis,SOL-USD,ORCL,0.2815919296968765
Crisis,SOL-USD,ADBE,0.35908493077358633
Crisis,SOL-USD,AVGO,0.34285918244620806
Crisis,SOL-USD,QCOM,0.349309072293554
Crisis,SOL-USD,INTC,0.3639191638196596
Crisis,SOL-USD,BTC-USD,0.7979110838729635
Crisis,SOL-USD,ETH-USD,0.8242608846779135
Normal,AAPL,MSFT,0.4322246018165138
Normal,AAPL,NVDA,0.33395548598018215
Normal,AAPL,GOOGL,0.35086201325838806
Normal,AAPL,AMZN,0.434313927761757
Normal,AAPL,META,0.3916670438489442
Normal,AAPL,TSLA,0.3762067884927228
Normal,AAPL,AMD,0.2784445623031678
Normal,AAPL,NFLX,0.29199026503581027
Normal,AAPL,CRM,0.2896435411494696
Normal,AAPL,ORCL,0.14704194526214037
Normal,AAPL,ADBE,0.3262151765962247
Normal,AAPL,AVGO,0.23873234435281437
Normal,AAPL,QCOM,0.36815235772524346
Normal,AAPL,INTC,0.12651092634292455
Normal,AAPL,BTC-USD,0.19031951489560725
Normal,AAPL,ETH-USD,0.2160831752659165
Normal,AAPL,SOL-USD,0.14421464522448693
Normal,MSFT,AAPL,0.4322246018165138
Normal,MSFT,NVDA,0.46574268898066995
Normal,MSFT,GOOGL,0.41654109916986937
Normal,MSFT,AMZN,0.5674822227267439
Normal,MSFT,META,0.5158543522142713
Normal,MSFT,TSLA,0.3442034721348201
Normal,MSFT,AMD,0.2744063565296888
Normal,MSFT,NFLX,0.4388112314506139
Normal,MSFT,CRM,0.5965499613021462
Normal,MSFT,ORCL,0.439216322083511
Normal,MSFT,ADBE,0.5248633215214462
Normal,MSFT,AVGO,0.2972058689571095
Normal,MSFT,QCOM,0.24916687764276108
Normal,MSFT,INTC,0.10456506193200367
Normal,MSFT,BTC-USD,0.2784886423920634
Normal,MSFT,ETH-USD,0.2986050373831039
Normal,MSFT,SOL-USD,0.2886289958359363
Normal,NVDA,AAPL,0.33395548598018215
Normal,NVDA,MSFT,0.46574268898066995
Normal,NVDA,GOOGL,0.4288636369545453
Normal,NVDA,AMZN,0.4740352322989179
Normal,NVDA,META,0.3777795399557202
Normal,NVDA,TSLA,0.4343614415017139
Normal,NVDA,AMD,0.5304452773274757
Normal,NVDA,NFLX,0.36556019477075374
Normal,NVDA,CRM,0.28562040298333435
Normal,NVDA,ORCL,0.4766810663504674
Normal,NVDA,ADBE,0.22393879627562369
Normal,NVDA,AVGO,0.5873850579081998
Normal,NVDA,QCOM,0.4059810351854637
Normal,NVDA,INTC,0.3360261120014152
Normal,NVDA,BTC-USD,0.30123115131770917
Normal,NVDA,ETH-USD,0.31224878310468485
Normal,NVDA,SOL-USD,0.2967028804904766
Normal,GOOGL,AAPL,0.35086201325838806
Normal,GOOGL,MSFT,0.41654109916986937
Normal,GOOGL,NVDA,0.4288636369545453
Normal,GOOGL,AMZN,0.5786906478293868
Normal,GOOGL,META,0.49501978457567253
Normal,GOOGL,TSLA,0.40616967987422337
Normal,GOOGL,AMD,0.3650084889813384
Normal,GOOGL,NFLX,0.2710387434427892
Normal,GOOGL,CRM,0.2028107631380195
Normal,GOOGL,ORCL,0.24402983496718575
Normal,GOOGL,ADBE,0.2525064636265596
Normal,GOOGL,AVGO,0.3753539000865377
Normal,GOOGL,QCOM,0.30219383826643176
Normal,GOOGL,INTC,0.18588874812116857
Normal,GOOGL,BTC-USD,0.28397911626693134
Normal,GOOGL,ETH-USD,0.3037218403190613
Normal,GOOGL,SOL-USD,0.2747155643994055
Normal,AMZN,AAPL,0.434313927761757
Normal,AMZN,MSFT,0.5674822227267439
Normal,AMZN,NVDA,0.4740352322989179
Normal,AMZN,GOOGL,0.5786906478293868
Normal,AMZN,META,0.5933403074489296
Normal,AMZN,TSLA,0.47273431535211036
Normal,AMZN,AMD,0.3826031245245002
Normal,AMZN,NFLX,0.4492804702001625
Normal,AMZN,CRM,0.38949007676945463
Normal,AMZN,ORCL,0.3336083465683636
Normal,AMZN,ADBE,0.40893018645782403
Normal,AMZN,AVGO,0.3824564862366986
Normal,AMZN,QCOM,0.3833876009493107
Normal,AMZN,INTC,0.2914691135416207
Normal,AMZN,BTC-USD,0.3420311180126136
Normal,AMZN,ETH-USD,0.3244402210993238
Normal,AMZN,SOL-USD,0.31021059608241563
Normal,META,AAPL,0.3916670438489442
Normal,META,MSFT,0.5158543522142713
Normal,META,NVDA,0.3777795399557202
Normal,META,GOOGL,0.49501978457567253
Normal,META,AMZN,0.5933403074489296
Normal,META,TSLA,0.3929286557876529
Normal,META,AMD,0.3260160993740572
Normal,META,NFLX,0.32015192530286424
Normal,META,CRM,0.26573003797259465
Normal,META,ORCL,0.25713295385142726
Normal,META,ADBE,0.32053016550174795
Normal,META,AVGO,0.2944247569443978
Normal,META,QCOM,0.2809270399399083
Normal,META,INTC,0.16523086268596937
Normal,META,BTC-USD,0.24137722603031123
Normal,META,ETH-USD,0.25623697838945747
Normal,META,SOL-USD,0.2577093921775773
Normal,TSLA,AAPL,0.3762067884927228
Normal,TSLA,MSFT,0.3442034721348201
Normal,TSLA,NVDA,0.4343614415017139
Normal,TSLA,GOOGL,0.40616967987422337
Normal,TSLA,AMZN,0.47273431535211036
Normal,TSLA,META,0.3929286557876529
Normal,TSLA,AMD,0.4742517518109439
Normal,TSLA,NFLX,0.25304972756215866
Normal,TSLA,CRM,0.22936321375231764
Normal,TSLA,ORCL,0.31507367458125246
Normal,TSLA,ADBE,0.18524485899335835
Normal,TSLA,AVGO,0.4433530719217875
Normal,TSLA,QCOM,0.4517624180006398
Normal,TSLA,INTC,0.3197379573758953
Normal,TSLA,BTC-USD,0.40146454760344796
Normal,TSLA,ETH-USD,0.4009440344668822
Normal,TSLA,SOL-USD,0.3445743299374733
Normal,AMD,AAPL,0.2784445623031678
Normal,AMD,MSFT,0.2744063565296888
Normal,AMD,NVDA,0.5304452773274757
Normal,AMD,GOOGL,0.3650084889813384
Normal,AMD,AMZN,0.3826031245245002
Normal,AMD,META,0.3260160993740572
Normal,AMD,TSLA,0.4742517518109439
Normal,AMD,NFLX,0.2403677211687284
Normal,AMD,CRM,0.16156721287327833
Normal,AMD,ORCL,0.3479981690242602
Normal,AMD,ADBE,0.12744642055725192
Normal,AMD,AVGO,0.47928491236413967
Normal,AMD,QCOM,0.5677382377220563
Normal,AMD,INTC,0.4801975879120761
Normal,AMD,BTC-USD,0.2724944326956396
Normal,AMD,ETH-USD,0.31346618456200587
Normal,AMD,SOL-USD,0.2690426831018771
Normal,NFLX,AAPL,0.29199026503581027
Normal,NFLX,MSFT,0.4388112314506139
Normal,NFLX,NVDA,0.36556019477075374
Normal,NFLX,GOOGL,0.2710387434427892
Normal,NFLX,AMZN,0.4492804702001625
Normal,NFLX,META,0.32015192530286424
Normal,NFLX,TSLA,0.25304972756215866
Normal,NFLX,AMD,0.2403677211687284
Normal,NFLX,CRM,0.3724726776055105
Normal,NFLX,ORCL,0.2390470218702129
Normal,NFLX,ADBE,0.3592244587617679
Normal,NFLX,AVGO,0.22373377343647524
Normal,NFLX,QCOM,0.18220073501223383
Normal,NFLX,INTC,0.12238529453234463
Normal,NFLX,BTC-USD,0.2627348921948017
Normal,NFLX,ETH-USD,0.21633357495954852
Normal,NFLX,SOL-USD,0.27599389954710407
Normal,CRM,AAPL,0.2896435411494696
Normal,CRM,MSFT,0.5965499613021462
Normal,CRM,NVDA,0.28562040298333435
Normal,CRM,GOOGL,0.2028107631380195
Normal,CRM,AMZN,0.38949007676945463
Normal,CRM,META,0.26573003797259465
Normal,CRM,TSLA,0.22936321375231764
Normal,CRM,AMD,0.16156721287327833
Normal,CRM,NFLX,0.3724726776055105
Normal,CRM,ORCL,0.34716593161248
Normal,CRM,ADBE,0.6058047987133357
Normal,CRM,AVGO,0.1755929716146045
Normal,CRM,QCOM,0.19626162733592648
Normal,CRM,INTC,0.024906836367057702
Normal,CRM,BTC-USD,0.21166496629016224
Normal,CRM,ETH-USD,0.23970541251713157
Normal,CRM,SOL-USD,0.20786311692225093
Normal,ORCL,AAPL,0.14704194526214037
Normal,ORCL,MSFT,0.439216322083511
Normal,ORCL,NVDA,0.4766810663504674
Normal,ORCL,GOOGL,0.24402983496718575
Normal,ORCL,AMZN,0.3336083465683636
Normal,ORCL,META,0.25713295385142726
Normal,ORCL,TSLA,0.31507367458125246
Normal,ORCL,AMD,0.3479981690242602
Normal,ORCL,NFLX,0.2390470218702129
Normal,ORCL,CRM,0.34716593161248
Normal,ORCL,ADBE,0.2765835740862139
Normal,ORCL,AVGO,0.44565988854530836
Normal,ORCL,QCOM,0.3157205972210118
Normal,ORCL,INTC,0.18283083955234666
Normal,ORCL,BTC-USD,0.1878158996696681
Normal,ORCL,ETH-USD,0.20607075644655629
Normal,ORCL,SOL-USD,0.2004685233366729
Normal,ADBE,AAPL,0.3262151765962247
Normal,ADBE,MSFT,0.5248633215214462
Normal,ADBE,NVDA,0.22393879627562369
Normal,ADBE,GOOGL,0.2525064636265596
Normal,ADBE,AMZN,0.40893018645782403
Normal,ADBE,META,0.32053016550174795
Normal,ADBE,TSLA,0.18524485899335835
Normal,ADBE,AMD,0.12744642055725192
Normal,ADBE,NFLX,0.3592244587617679
Normal,ADBE,CRM,0.6058047987133357
Normal,ADBE,ORCL,0.2765835740862139
Normal,ADBE,AVGO,0.11695414789153949
Normal,ADBE,QCOM,0.1565852954300131
Normal,ADBE,INTC,-0.05613574107029925
Normal,ADBE,BTC-USD,0.177417317612937
Normal,ADBE,ETH-USD,0.17043953148162608
Normal,ADBE,SOL-USD,0.1953463421563798
Normal,AVGO,AAPL,0.23873234435281437
Normal,AVGO,MSFT,0.2972058689571095
Normal,AVGO,NVDA,0.5873850579081998
Normal,AVGO,GOOGL,0.3753539000865377
Normal,AVGO,AMZN,0.3824564862366986
Normal,AVGO,META,0.2944247569443978
Normal,AVGO,TSLA,0.4433530719217875
Normal,AVGO,AMD,0.47928491236413967
Normal,AVGO,NFLX,0.22373377343647524
Normal,AVGO,CRM,0.1755929716146045
Normal,AVGO,ORCL,0.44565988854530836
Normal,AVGO,ADBE,0.11695414789153949
Normal,AVGO,QCOM,0.4389389920757082
Normal,AVGO,INTC,0.31657520568580666
Normal,AVGO,BTC-USD,0.2657823380818496
Normal,AVGO,ETH-USD,0.3157879763520916
Normal,AVGO,SOL-USD,0.24563224478988185
Normal,QCOM,AAPL,0.36815235772524346
Normal,QCOM,MSFT,0.24916687764276108
Normal,QCOM,NVDA,0.4059810351854637
Normal,QCOM,GOOGL,0.30219383826643176
Normal,QCOM,AMZN,0.3833876009493107
Normal,QCOM,META,0.2809270399399083
Normal,QCOM,TSLA,0.4517624180006398
Normal,QCOM,AMD,0.5677382377220563
Normal,QCOM,NFLX,0.18220073501223383
Normal,QCOM,CRM,0.19626162733592648
Normal,QCOM,ORCL,0.3157205972210118
Normal,QCOM,ADBE,0.1565852954300131
Normal,QCOM,AVGO,0.4389389920757082
Normal,QCOM,INTC,0.4461865109001647
Normal,QCOM,BTC-USD,0.2278516951884522
Normal,QCOM,ETH-USD,0.27674342949036773
Normal,QCOM,SOL-USD,0.25532689553364285
Normal,INTC,AAPL,0.12651092634292455
Normal,INTC,MSFT,0.10456506193200367
Normal,INTC,NVDA,0.3360261120014152
Normal,INTC,GOOGL,0.18588874812116857
Normal,INTC,AMZN,0.2914691135416207
Normal,INTC,META,0.16523086268596937
Normal,INTC,TSLA,0.3197379573758953
Normal,INTC,AMD,0.4801975879120761
Normal,INTC,NFLX,0.12238529453234463
Normal,INTC,CRM,0.024906836367057702
Normal,INTC,ORCL,0.18283083955234666
Normal,INTC,ADBE,-0.05613574107029925
Normal,INTC,AVGO,0.31657520568580666
Normal,INTC,QCOM,0.4461865109001647
Normal,INTC,BTC-USD,0.24754551776881942
Normal,INTC,ETH-USD,0.2538789338418778
Normal,INTC,SOL-USD,0.24610499460041232
Normal,BTC-USD,AAPL,0.19031951489560725
Normal,BTC-USD,MSFT,0.2784886423920634
Normal,BTC-USD,NVDA,0.30123115131770917
Normal,BTC-USD,GOOGL,0.28397911626693134
Normal,BTC-USD,AMZN,0.3420311180126136
Normal,BTC-USD,META,0.24137722603031123
Normal,BTC-USD,TSLA,0.40146454760344796
Normal,BTC-USD,AMD,0.2724944326956396
Normal,BTC-USD,NFLX,0.2627348921948017
Normal,BTC-USD,CRM,0.21166496629016224
Normal,BTC-USD,ORCL,0.1878158996696681
Normal,BTC-USD,ADBE,0.177417317612937
Normal,BTC-USD,AVGO,0.2657823380818496
Normal,BTC-USD,QCOM,0.2278516951884522
Normal,BTC-USD,INTC,0.24754551776881942
Normal,BTC-USD,ETH-USD,0.8474930725768831
Normal,BTC-USD,SOL-USD,0.7587572531724327
Normal,ETH-USD,AAPL,0.2160831752659165
Normal,ETH-USD,MSFT,0.2986050373831039
Normal,ETH-USD,NVDA,0.31224878310468485
Normal,ETH-USD,GOOGL,0.3037218403190613
Normal,ETH-USD,AMZN,0.3244402210993238
Normal,ETH-USD,META,0.25623697838945747
Normal,ETH-USD,TSLA,0.4009440344668822
Normal,ETH-USD,AMD,0.31346618456200587
Normal,ETH-USD,NFLX,0.21633357495954852
Normal,ETH-USD,CRM,0.23970541251713157
Normal,ETH-USD,ORCL,0.20607075644655629
Normal,ETH-USD,ADBE,0.17043953148162608
Normal,ETH-USD,AVGO,0.3157879763520916
Normal,ETH-USD,QCOM,0.27674342949036773
Normal,ETH-USD,INTC,0.2538789338418778
Normal,ETH-USD,BTC-USD,0.8474930725768831
Normal,ETH-USD,SOL-USD,0.7456377644047222
Normal,SOL-USD,AAPL,0.14421464522448693
Normal,SOL-USD,MSFT,0.2886289958359363
Normal,SOL-USD,NVDA,0.2967028804904766
Normal,SOL-USD,GOOGL,0.2747155643994055
Normal,SOL-USD,AMZN,0.31021059608241563
Normal,SOL-USD,META,0.2577093921775773
Normal,SOL-USD,TSLA,0.3445743299374733
Normal,SOL-USD,AMD,0.2690426831018771
Normal,SOL-USD,NFLX,0.27599389954710407
Normal,SOL-USD,CRM,0.20786311692225093
Normal,SOL-USD,ORCL,0.2004685233366729
Normal,SOL-USD,ADBE,0.1953463421563798
Normal,SOL-USD,AVGO,0.24563224478988185
Normal,SOL-USD,QCOM,0.25532689553364285
Normal,SOL-USD,INTC,0.24610499460041232
Normal,SOL-USD,BTC-USD,0.7587572531724327
Normal,SOL-USD,ETH-USD,0.7456377644047222
Low,AAPL,MSFT,0.25126020297127216
Low,AAPL,NVDA,0.1979754757252396
Low,AAPL,GOOGL,0.33890672688177714
Low,AAPL,AMZN,0.19637835872272308
Low,AAPL,META,0.2151320407484393
Low,AAPL,TSLA,0.29194416321623257
Low,AAPL,AMD,0.16834099222846932
Low,AAPL,NFLX,0.2534257709566366
Low,AAPL,CRM,0.1811843123161019
Low,AAPL,ORCL,0.0689372520647997
Low,AAPL,ADBE,0.2819565999032032
Low,AAPL,AVGO,0.250923327302566
Low,AAPL,QCOM,0.2992567328385003
Low,AAPL,INTC,0.16147679038732746
Low,AAPL,BTC-USD,0.06300941780747472
Low,AAPL,ETH-USD,0.10425521910928649
Low,AAPL,SOL-USD,0.09087347795885962
Low,MSFT,AAPL,0.25126020297127216
Low,MSFT,NVDA,0.37458504785316515
Low,MSFT,GOOGL,0.29896783983578834
Low,MSFT,AMZN,0.4682918143820503
Low,MSFT,META,0.31837059403054546
Low,MSFT,TSLA,0.24183652654749777
Low,MSFT,AMD,0.31780123479578043
Low,MSFT,NFLX,0.29356924002268964
Low,MSFT,CRM,0.3101874620423335
Low,MSFT,ORCL,0.38574785876430284
Low,MSFT,ADBE,0.34616748129631786
Low,MSFT,AVGO,0.3290102521842039
Low,MSFT,QCOM,0.18821098461490066
Low,MSFT,INTC,0.16114390327813163
Low,MSFT,BTC-USD,0.14768146299981041
Low,MSFT,ETH-USD,0.15719592052056494
Low,MSFT,SOL-USD,0.14982985573074617
Low,NVDA,AAPL,0.1979754757252396
Low,NVDA,MSFT,0.37458504785316515
Low,NVDA,GOOGL,0.25497466814272635
Low,NVDA,AMZN,0.30001813321100407
Low,NVDA,META,0.35751414905138856
Low,NVDA,TSLA,0.2774576852968186
Low,NVDA,AMD,0.517932693327089
Low,NVDA,NFLX,0.2078758251824155
Low,NVDA,CRM,0.1888793230362873
Low,NVDA,ORCL,0.34064139697317697
Low,NVDA,ADBE,0.23008563318283368
Low,NVDA,AVGO,0.562429650687999
Low,NVDA,QCOM,0.36453912596502386
Low,NVDA,INTC,0.20143596190924568
Low,NVDA,BTC-USD,0.15639555376545633
Low,NVDA,ETH-USD,0.19405080126328098
Low,NVDA,SOL-USD,0.14798995975411966
Low,GOOGL,AAPL,0.33890672688177714
Low,GOOGL,MSFT,0.29896783983578834
Low,GOOGL,NVDA,0.25497466814272635
Low,GOOGL,AMZN,0.5278036589302985
Low,GOOGL,META,0.35171042562649
Low,GOOGL,TSLA,0.310723518312966
Low,GOOGL,AMD,0.2922882811972377
Low,GOOGL,NFLX,0.2333240271467645
Low,GOOGL,CRM,0.21242900828288602
Low,GOOGL,ORCL,0.21133975766146704
Low,GOOGL,ADBE,0.2946945197793163
Low,GOOGL,AVGO,0.237768704534678
Low,GOOGL,QCOM,0.2709846300428007
Low,GOOGL,INTC,0.17597082676425682
Low,GOOGL,BTC-USD,0.08441064022179454
Low,GOOGL,ETH-USD,0.14781597043028585
Low,GOOGL,SOL-USD,0.16113722194557337
Low,AMZN,AAPL,0.19637835872272308
Low,AMZN,MSFT,0.4682918143820503
Low,AMZN,NVDA,0.30001813321100407
Low,AMZN,GOOGL,0.5278036589302985
Low,AMZN,META,0.4774586204530769
Low,AMZN,TSLA,0.2665897508130647
Low,AMZN,AMD,0.3016859504423346
Low,AMZN,NFLX,0.2491421611884203
Low,AMZN,CRM,0.2375010863039121
Low,AMZN,ORCL,0.1899469482951401
Low,AMZN,ADBE,0.29676606697472896
Low,AMZN,AVGO,0.27200113121174185
Low,AMZN,QCOM,0.25134926651926476
Low,AMZN,INTC,0.22280144126107296
Low,AMZN,BTC-USD,0.08978225431257152
Low,AMZN,ETH-USD,0.10664978271138446
Low,AMZN,SOL-USD,0.11804692750984946
Low,META,AAPL,0.2151320407484393
Low,META,MSFT,0.31837059403054546
Low,META,NVDA,0.35751414905138856
Low,META,GOOGL,0.35171042562649
Low,META,AMZN,0.4774586204530769
Low,META,TSLA,0.22359501031053922
Low,META,AMD,0.29661100133681423
Low,META,NFLX,0.23335126195451106
Low,META,CRM,0.187428148104771
Low,META,ORCL,0.16279476028866258
Low,META,ADBE,0.23366608898876084
Low,META,AVGO,0.2619080615852185
Low,META,QCOM,0.19341978062345147
Low,META,INTC,0.1734634797207818
Low,META,BTC-USD,0.09518984508425787
Low,META,ETH-USD,0.0988704919456446
Low,META,SOL-USD,0.12406897834422165
Low,TSLA,AAPL,0.29194416321623257
Low,TSLA,MSFT,0.24183652654749777
Low,TSLA,NVDA,0.2774576852968186
Low,TSLA,GOOGL,0.310723518312966
Low,TSLA,AMZN,0.2665897508130647
Low,TSLA,META,0.22359501031053922
Low,TSLA,AMD,0.2519302695862901
Low,TSLA,NFLX,0.14515176996716672
Low,TSLA,CRM,0.20446998175063935
Low,TSLA,ORCL,0.2214161504504849
Low,TSLA,ADBE,0.16132571314272803
Low,TSLA,AVGO,0.276501049161744
Low,TSLA,QCOM,0.31464591235470857
Low,TSLA,INTC,0.20453253462976204
Low,TSLA,BTC-USD,0.23619120279672728
Low,TSLA,ETH-USD,0.24404818946163878
Low,TSLA,SOL-USD,0.20802128390928953
Low,AMD,AAPL,0.16834099222846932
Low,AMD,MSFT,0.31780123479578043
Low,AMD,NVDA,0.517932693327089
Low,AMD,GOOGL,0.2922882811972377
Low,AMD,AMZN,0.3016859504423346
Low,AMD,META,0.29661100133681423
Low,AMD,TSLA,0.2519302695862901
Low,AMD,NFLX,0.15878999078114825
Low,AMD,CRM,0.02371989095622809
Low,AMD,ORCL,0.25919412259961816
Low,AMD,ADBE,0.08324542044774702
Low,AMD,AVGO,0.439992958703507
Low,AMD,QCOM,0.44318042614207775
Low,AMD,INTC,0.436652924153266
Low,AMD,BTC-USD,0.1548930204734551
Low,AMD,ETH-USD,0.17691082211870668
Low,AMD,SOL-USD,0.1748701624737081
Low,NFLX,AAPL,0.2534257709566366
Low,NFLX,MSFT,0.29356924002268964
Low,NFLX,NVDA,0.2078758251824155
Low,NFLX,GOOGL,0.2333240271467645
Low,NFLX,AMZN,0.2491421611884203
Low,NFLX,META,0.23335126195451106
Low,NFLX,TSLA,0.14515176996716672
Low,NFLX,AMD,0.15878999078114825
Low,NFLX,CRM,0.195762599795819
Low,NFLX,ORCL,0.11976935774658388
Low,NFLX,ADBE,0.28577148277336956
Low,NFLX,AVGO,0.18695471568058936
Low,NFLX,QCOM,0.16486224143003658
Low,NFLX,INTC,0.04559798361659902
Low,NFLX,BTC-USD,0.07678628646571461
Low,NFLX,ETH-USD,0.05130704929114176
Low,NFLX,SOL-USD,0.11150589346085062
Low,CRM,AAPL,0.1811843123161019
Low,CRM,MSFT,0.3101874620423335
Low,CRM,NVDA,0.1888793230362873
Low,CRM,GOOGL,0.21242900828288602
Low,CRM,AMZN,0.2375010863039121
Low,CRM,META,0.187428148104771
Low,CRM,TSLA,0.20446998175063935
Low,CRM,AMD,0.02371989095622809
Low,CRM,NFLX,0.195762599795819
Low,CRM,ORCL,0.16327786412004702
Low,CRM,ADBE,0.5862269289131968
Low,CRM,AVGO,0.15980688728652498
Low,CRM,QCOM,0.18541624048325134
Low,CRM,INTC,0.06697493256202974
Low,CRM,BTC-USD,0.13453300908076005
Low,CRM,ETH-USD,0.13166066277585908
Low,CRM,SOL-USD,0.13901971596653304
Low,ORCL,AAPL,0.0689372520647997
Low,ORCL,MSFT,0.38574785876430284
Low,ORCL,NVDA,0.34064139697317697
Low,ORCL,GOOGL,0.21133975766146704
Low,ORCL,AMZN,0.1899469482951401
Low,ORCL,META,0.16279476028866258
Low,ORCL,TSLA,0.2214161504504849
Low,ORCL,AMD,0.25919412259961816
Low,ORCL,NFLX,0.11976935774658388
Low,ORCL,CRM,0.16327786412004702
Low,ORCL,ADBE,0.18799054269713616
Low,ORCL,AVGO,0.41520378100850636
Low,ORCL,QCOM,0.19017570801342748
Low,ORCL,INTC,0.16252504784802788
Low,ORCL,BTC-USD,0.12367620332495152
Low,ORCL,ETH-USD,0.14256769415720036
Low,ORCL,SOL-USD,0.11481042114830074
Low,ADBE,AAPL,0.2819565999032032
Low,ADBE,MSFT,0.34616748129631786
Low,ADBE,NVDA,0.23008563318283368
Low,ADBE,GOOGL,0.2946945197793163
Low,ADBE,AMZN,0.29676606697472896
Low,ADBE,META,0.23366608898876084
Low,ADBE,TSLA,0.16132571314272803
Low,ADBE,AMD,0.08324542044774702
Low,ADBE,NFLX,0.28577148277336956
Low,ADBE,CRM,0.5862269289131968
Low,ADBE,ORCL,0.18799054269713616
Low,ADBE,AVGO,0.23616577911879277
Low,ADBE,QCOM,0.24565311729142258
Low,ADBE,INTC,0.0718223938175186
Low,ADBE,BTC-USD,0.08110332248008323
Low,ADBE,ETH-USD,0.07858414315995095
Low,ADBE,SOL-USD,0.09679616605296575
Low,AVGO,AAPL,0.250923327302566
Low,AVGO,MSFT,0.3290102521842039
Low,AVGO,NVDA,0.562429650687999
Low,AVGO,GOOGL,0.237768704534678
Low,AVGO,AMZN,0.27200113121174185
Low,AVGO,META,0.2619080615852185
Low,AVGO,TSLA,0.276501049161744
Low,AVGO,AMD,0.439992958703507
Low,AVGO,NFLX,0.18695471568058936
Low,AVGO,CRM,0.15980688728652498
Low,AVGO,ORCL,0.41520378100850636
Low,AVGO,ADBE,0.23616577911879277
Low,AVGO,QCOM,0.4427320309397924
Low,AVGO,INTC,0.30898956534881755
Low,AVGO,BTC-USD,0.11500758953289947
Low,AVGO,ETH-USD,0.16218386375055377
Low,AVGO,SOL-USD,0.11648734894692699
Low,QCOM,AAPL,0.2992567328385003
Low,QCOM,MSFT,0.18821098461490066
Low,QCOM,NVDA,0.36453912596502386
Low,QCOM,GOOGL,0.2709846300428007
Low,QCOM,AMZN,0.25134926651926476
Low,QCOM,META,0.19341978062345147
Low,QCOM,TSLA,0.31464591235470857
Low,QCOM,AMD,0.44318042614207775
Low,QCOM,NFLX,0.16486224143003658
Low,QCOM,CRM,0.18541624048325134
Low,QCOM,ORCL,0.19017570801342748
Low,QCOM,ADBE,0.24565311729142258
Low,QCOM,AVGO,0.4427320309397924
Low,QCOM,INTC,0.4267032966906502
Low,QCOM,BTC-USD,0.16502242852396956
Low,QCOM,ETH-USD,0.19950767685079343
Low,QCOM,SOL-USD,0.16423893356314503
Low,INTC,AAPL,0.16147679038732746
Low,INTC,MSFT,0.16114390327813163
Low,INTC,NVDA,0.20143596190924568
Low,INTC,GOOGL,0.17597082676425682
Low,INTC,AMZN,0.22280144126107296
Low,INTC,META,0.1734634797207818
Low,INTC,TSLA,0.20453253462976204
Low,INTC,AMD,0.436652924153266
Low,INTC,NFLX,0.04559798361659902
Low,INTC,CRM,0.06697493256202974
Low,INTC,ORCL,0.16252504784802788
Low,INTC,ADBE,0.0718223938175186
Low,INTC,AVGO,0.30898956534881755
Low,INTC,QCOM,0.4267032966906502
Low,INTC,BTC-USD,0.06573003172754006
Low,INTC,ETH-USD,0.09176068234067457
Low,INTC,SOL-USD,0.045451234039483986
Low,BTC-USD,AAPL,0.06300941780747472
Low,BTC-USD,MSFT,0.14768146299981041
Low,BTC-USD,NVDA,0.15639555376545633
Low,BTC-USD,GOOGL,0.08441064022179454
Low,BTC-USD,AMZN,0.08978225431257152
Low,BTC-USD,META,0.09518984508425787
Low,BTC-USD,TSLA,0.23619120279672728
Low,BTC-USD,AMD,0.1548930204734551
Low,BTC-USD,NFLX,0.07678628646571461
Low,BTC-USD,CRM,0.13453300908076005
Low,BTC-USD,ORCL,0.12367620332495152
Low,BTC-USD,ADBE,0.08110332248008323
Low,BTC-USD,AVGO,0.11500758953289947
Low,BTC-USD,QCOM,0.16502242852396956
Low,BTC-USD,INTC,0.06573003172754006
Low,BTC-USD,ETH-USD,0.8151929566444339
Low,BTC-USD,SOL-USD,0.7095306242013675
Low,ETH-USD,AAPL,0.10425521910928649
Low,ETH-USD,MSFT,0.15719592052056494
Low,ETH-USD,NVDA,0.19405080126328098
Low,ETH-USD,GOOGL,0.14781597043028585
Low,ETH-USD,AMZN,0.10664978271138446
Low,ETH-USD,META,0.0988704919456446
Low,ETH-USD,TSLA,0.24404818946163878
Low,ETH-USD,AMD,0.17691082211870668
Low,ETH-USD,NFLX,0.05130704929114176
Low,ETH-USD,CRM,0.13166066277585908
Low,ETH-USD,ORCL,0.14256769415720036
Low,ETH-USD,ADBE,0.07858414315995095
Low,ETH-USD,AVGO,0.16218386375055377
Low,ETH-USD,QCOM,0.19950767685079343
Low,ETH-USD,INTC,0.09176068234067457
Low,ETH-USD,BTC-USD,0.8151929566444339
Low,ETH-USD,SOL-USD,0.6811083053924218
Low,SOL-USD,AAPL,0.09087347795885962
Low,SOL-USD,MSFT,0.14982985573074617
Low,SOL-USD,NVDA,0.14798995975411966
Low,SOL-USD,GOOGL,0.16113722194557337
Low,SOL-USD,AMZN,0.11804692750984946
Low,SOL-USD,META,0.12406897834422165
Low,SOL-USD,TSLA,0.20802128390928953
Low,SOL-USD,AMD,0.1748701624737081
Low,SOL-USD,NFLX,0.11150589346085062
Low,SOL-USD,CRM,0.13901971596653304
Low,SOL-USD,ORCL,0.11481042114830074
Low,SOL-USD,ADBE,0.09679616605296575
Low,SOL-USD,AVGO,0.11648734894692699
Low,SOL-USD,QCOM,0.16423893356314503
Low,SOL-USD,INTC,0.045451234039483986
Low,SOL-USD,BTC-USD,0.7095306242013675
Low,SOL-USD,ETH-USD,0.6811083053924218
