date,SPY,QQQ
2021-10-06,406.7630615234375,349.0790710449219
2021-10-07,410.2797546386719,352.2819519042969
2021-10-08,409.53155517578125,350.5252990722656
2021-10-09,,
2021-10-10,,
2021-10-11,406.56658935546875,347.8367919921875
2021-10-12,405.5658874511719,346.6236572265625
2021-10-13,407.0249328613281,349.3994445800781
2021-10-14,413.8713684082031,355.83416748046875
2021-10-15,417.0232849121094,358.076171875
2021-10-16,,
2021-10-17,,
2021-10-18,418.25787353515625,361.6769104003906
2021-10-19,421.48468017578125,364.4139404296875
2021-10-20,423.14019775390625,363.9383239746094
2021-10-21,424.24383544921875,366.16082763671875
2021-10-22,423.8042297363281,363.0842590332031
2021-10-23,,
2021-10-24,,
2021-10-25,426.0770263671875,366.8014831542969
2021-10-26,426.46051025390625,367.95635986328125
2021-10-27,424.57122802734375,368.8105163574219
2021-10-28,428.6678161621094,372.90625
2021-10-29,429.5376281738281,374.7405090332031
2021-10-30,,
2021-10-31,,
2021-11-01,430.2765808105469,376.021728515625
2021-11-02,432.0162048339844,377.5940246582031
2021-11-03,434.65374755859375,381.60235595703125
2021-11-04,436.7019958496094,386.49395751953125
2021-11-05,438.21728515625,386.8628234863281
2021-11-06,,
2021-11-07,,
2021-11-08,438.59136962890625,386.3387145996094
2021-11-09,437.14166259765625,383.679443359375
2021-11-10,433.6248474121094,378.0404357910156
2021-11-11,433.7651672363281,379.08868408203125
2021-11-12,437.0387268066406,383.0776672363281
2021-11-13,,
2021-11-14,,
2021-11-15,437.1883850097656,382.9903259277344
2021-11-16,438.918701171875,385.717529296875
2021-11-17,437.8525390625,385.9214172363281
2021-11-18,439.33966064453125,389.92010498046875
2021-11-19,438.5539245605469,392.0941162109375
2021-11-20,,
2021-11-21,,
2021-11-22,437.31939697265625,387.542236328125
2021-11-23,437.8992614746094,385.7757568359375
2021-11-24,439.06842041015625,387.0180969238281
2021-11-25,,
2021-11-26,429.2757568359375,379.6806945800781
2021-11-27,,
2021-11-28,,
2021-11-29,434.54150390625,387.9207763671875
2021-11-30,426.08636474609375,382.2236022949219
2021-12-01,421.3537292480469,375.7208557128906
2021-12-02,427.80731201171875,378.4286804199219
2021-12-03,424.08477783203125,371.848388671875
2021-12-04,,
2021-12-05,,
2021-12-06,429.1074523925781,374.8279724121094
2021-12-07,437.98345947265625,386.115478515625
2021-12-08,439.1432189941406,387.84307861328125
2021-12-09,436.1783752441406,382.1362609863281
2021-12-10,440.28424072265625,386.2901611328125
2021-12-11,,
2021-12-12,,
2021-12-13,436.3841247558594,380.7094421386719
2021-12-14,433.3817138671875,376.7690734863281
2021-12-15,440.1532897949219,385.3584899902344
2021-12-16,436.2718811035156,375.4490966796875
2021-12-17,431.6286315917969,373.57586669921875
2021-12-18,,
2021-12-19,,
2021-12-20,427.0389709472656,369.9521179199219
2021-12-21,434.6227111816406,378.2317199707031
2021-12-22,438.9684143066406,382.838134765625
2021-12-23,441.69970703125,385.72430419921875
2021-12-24,,
2021-12-25,,
2021-12-26,,
2021-12-27,447.9506530761719,392.09918212890625
2021-12-28,447.5846862792969,390.2820129394531
2021-12-29,448.1571350097656,390.2237243652344
2021-12-30,446.9182434082031,389.0576171875
2021-12-31,445.7919006347656,386.6280822753906
2022-01-01,,
2022-01-02,,
2022-01-03,448.3730773925781,390.3501281738281
2022-01-04,448.222900390625,385.2869873046875
2022-01-05,439.6159973144531,373.4505615234375
2022-01-06,439.2029724121094,373.1881408691406
2022-01-07,437.4666442871094,369.1455078125
2022-01-08,,
2022-01-09,,
2022-01-10,436.9223327636719,369.3883972167969
2022-01-11,440.9018249511719,374.9374084472656
2022-01-12,442.0938720703125,376.4242858886719
2022-01-13,436.0024108886719,367.0075988769531
2022-01-14,436.18072509765625,369.2912902832031
2022-01-15,,
2022-01-16,,
2022-01-17,,
2022-01-18,428.4562683105469,360.0980529785156
2022-01-19,424.0073547363281,356.1429748535156
2022-01-20,419.314453125,351.5171813964844
2022-01-21,411.0829162597656,341.77008056640625
2022-01-22,,
2022-01-23,,
2022-01-24,412.8287048339844,343.334716796875
2022-01-25,407.7884216308594,335.37567138671875
2022-01-26,406.76544189453125,334.8509521484375
2022-01-27,404.7568359375,331.4787902832031
2022-01-28,414.8091125488281,341.8769836425781
2022-01-29,,
2022-01-30,,
2022-01-31,422.28033447265625,352.8096008300781
2022-02-01,425.1335754394531,355.2099304199219
2022-02-02,429.2633361816406,358.0961608886719
2022-02-03,419.17364501953125,343.57757568359375
2022-02-04,421.1446228027344,347.9118957519531
2022-02-05,,
2022-02-06,,
2022-02-07,419.7931213378906,345.113037109375
2022-02-08,423.24713134765625,348.990478515625
2022-02-09,429.44171142578125,356.3858642578125
2022-02-10,421.7265625,348.32000732421875
2022-02-11,413.4106140136719,337.27069091796875
2022-02-12,,
2022-02-13,,
2022-02-14,412.0591125488281,337.6885070800781
2022-02-15,418.70428466796875,346.0848693847656
2022-02-16,419.17364501953125,345.99737548828125
2022-02-17,410.21942138671875,335.70611572265625
2022-02-18,407.563232421875,331.87725830078125
2022-02-19,,
2022-02-20,,
2022-02-21,,
2022-02-22,403.1894836425781,328.5439147949219
2022-02-23,396.037353515625,320.1282043457031
2022-02-24,401.9974365234375,330.8860168457031
2022-02-25,410.86712646484375,336.0170593261719
2022-02-26,,
2022-02-27,,
2022-02-28,409.8158874511719,337.01806640625
2022-03-01,403.57427978515625,331.8577575683594
2022-03-02,410.99847412109375,337.4261779785156
2022-03-03,408.95233154296875,332.6061096191406
2022-03-04,405.6297607421875,327.7859802246094
2022-03-05,,
2022-03-06,,
2022-03-07,393.67218017578125,315.6968994140625
2022-03-08,390.68743896484375,314.2294921875
2022-03-09,401.16204833984375,325.5411071777344
2022-03-10,399.35064697265625,321.9260559082031
2022-03-11,394.2727355957031,315.24981689453125
2022-03-12,,
2022-03-13,,
2022-03-14,391.39129638671875,309.1955261230469
2022-03-15,399.99822998046875,318.89404296875
2022-03-16,408.86785888671875,330.7208251953125
2022-03-17,413.98321533203125,334.7245788574219
2022-03-18,418.5174560546875,341.57574462890625
2022-03-19,,
2022-03-20,,
2022-03-21,418.3951416015625,340.6261291503906
2022-03-22,423.29083251953125,347.3202819824219
2022-03-23,417.839599609375,342.328857421875
2022-03-24,424.13824462890625,349.9375915527344
2022-03-25,426.2095031738281,349.6457824707031
2022-03-26,,
2022-03-27,,
2022-03-28,429.2412109375,355.0556335449219
2022-03-29,434.55120849609375,361.1659851074219
2022-03-30,431.8680114746094,357.1767272949219
2022-03-31,425.22100830078125,352.74957275390625
2022-04-01,426.4261169433594,352.0782775878906
2022-04-02,,
2022-04-03,,
2022-04-04,430.0791015625,359.3270568847656
2022-04-05,424.6466064453125,351.3484802246094
2022-04-06,420.4004211425781,343.7201843261719
2022-04-07,422.5189208984375,344.5374755859375
2022-04-08,421.3889465332031,339.7212219238281
2022-04-09,,
2022-04-10,,
2022-04-11,414.1865539550781,331.684326171875
2022-04-12,412.6518859863281,330.2831115722656
2022-04-13,417.37823486328125,336.9968566894531
2022-04-14,412.18115234375,329.2906799316406
2022-04-15,,
2022-04-16,,
2022-04-17,,
2022-04-18,412.35064697265625,329.543701171875
2022-04-19,419.00701904296875,336.9092712402344
2022-04-20,418.6963195800781,331.99560546875
2022-04-21,412.4353332519531,325.1263122558594
2022-04-22,401.1185302734375,316.6125793457031
2022-04-23,,
2022-04-24,,
2022-04-25,403.4439697265625,320.6797180175781
2022-04-26,391.7598876953125,308.57562255859375
2022-04-27,392.8614501953125,308.2059326171875
2022-04-28,402.7849426269531,319.152099609375
2022-04-29,387.8997497558594,304.79071044921875
2022-04-30,,
2022-05-01,,
2022-05-02,390.234619140625,309.87945556640625
2022-05-03,392.0235900878906,310.21026611328125
2022-05-04,403.9617614746094,320.6991271972656
2022-05-05,389.6038513183594,304.54742431640625
2022-05-06,387.27838134765625,300.8986511230469
2022-05-07,,
2022-05-08,,
2022-05-09,374.8787841796875,289.1254577636719
2022-05-10,375.74493408203125,292.6380310058594
2022-05-11,369.7757873535156,283.9588623046875
2022-05-12,369.38970947265625,283.2875061035156
2022-05-13,378.2210693359375,293.7861328125
2022-05-14,,
2022-05-15,,
2022-05-16,376.6864318847656,290.38067626953125
2022-05-17,384.43499755859375,297.9018859863281
2022-05-18,368.9378662109375,283.27777099609375
2022-05-19,366.67828369140625,281.7598571777344
2022-05-20,366.8382873535156,280.8842468261719
2022-05-21,,
2022-05-22,,
2022-05-23,373.7018737792969,285.5545654296875
2022-05-24,370.8490905761719,279.4830017089844
2022-05-25,374.12548828125,283.39459228515625
2022-05-26,381.60113525390625,291.2466125488281
2022-05-27,390.9690856933594,300.75286865234375
2022-05-28,,
2022-05-29,,
2022-05-30,,
2022-05-31,388.7752380371094,299.9548645019531
2022-06-01,385.6307067871094,297.7364501953125
2022-06-02,392.97442626953125,305.89019775390625
2022-06-03,386.52520751953125,297.9311218261719
2022-06-04,,
2022-06-05,,
2022-06-06,387.70208740234375,298.9234313964844
2022-06-07,391.42095947265625,301.50201416015625
2022-06-08,387.16534423828125,299.33221435546875
2022-06-09,377.95745849609375,291.314697265625
2022-06-10,366.9983825683594,281.0398254394531
2022-06-11,,
2022-06-12,,
2022-06-13,353.0641174316406,267.9725341796875
2022-06-14,352.0002136230469,268.4590148925781
2022-06-15,357.0184020996094,275.1629638671875
2022-06-16,345.2025451660156,264.0611267089844
2022-06-17,345.9467468261719,267.2720031738281
2022-06-18,,
2022-06-19,,
2022-06-20,,
2022-06-21,354.6553649902344,274.0151062011719
2022-06-22,354.012451171875,273.615478515625
2022-06-23,357.482666015625,277.6904296875
2022-06-24,368.8484191894531,287.2050476074219
2022-06-25,,
2022-06-26,,
2022-06-27,367.4395446777344,285.0993957519531
2022-06-28,359.9316711425781,276.4133605957031
2022-06-29,359.6385498046875,276.6667785644531
2022-06-30,356.7167663574219,273.23529052734375
2022-07-01,360.48956298828125,275.03875732421875
2022-07-02,,
2022-07-03,,
2022-07-04,,
2022-07-05,361.17041015625,279.747314453125
2022-07-06,362.3902282714844,281.5411682128906
2022-07-07,367.8177490234375,287.56573486328125
2022-07-08,367.5151672363281,287.9264831542969
2022-07-09,,
2022-07-10,,
2022-07-11,363.31683349609375,281.775146484375
2022-07-12,360.1018981933594,279.0454406738281
2022-07-13,358.21075439453125,278.4703063964844
2022-07-14,357.3408508300781,279.4646301269531
2022-07-15,364.1678466796875,284.53399658203125
2022-07-16,,
2022-07-17,,
2022-07-18,361.16094970703125,282.1260986328125
2022-07-19,370.9191589355469,290.80230712890625
2022-07-20,373.28314208984375,295.41339111328125
2022-07-21,377.0843505859375,299.6540832519531
2022-07-22,373.5858154296875,294.39959716796875
2022-07-23,,
2022-07-24,,
2022-07-25,374.0396423339844,292.7227783203125
2022-07-26,369.6143493652344,286.9711608886719
2022-07-27,379.2118835449219,299.0984191894531
2022-07-28,383.9681396484375,302.0230407714844
2022-07-29,389.56591796875,307.531005859375
2022-07-30,,
2022-07-31,,
2022-08-01,388.41229248046875,307.3458251953125
2022-08-02,385.84979248046875,306.4294128417969
2022-08-03,391.8919982910156,314.7743225097656
2022-08-04,391.6272277832031,316.24627685546875
2022-08-05,390.9653015136719,313.6628723144531
2022-08-06,,
2022-08-07,,
2022-08-08,390.511474609375,312.6490478515625
2022-08-09,388.960693359375,309.1101989746094
2022-08-10,397.13043212890625,317.73785400390625
2022-08-11,397.13043212890625,315.93438720703125
2022-08-12,403.853515625,322.08575439453125
2022-08-13,,
2022-08-14,,
2022-08-15,405.5176696777344,324.6886291503906
2022-08-16,406.3119201660156,323.92822265625
2022-08-17,403.4279479980469,320.2334899902344
2022-08-18,404.6004638671875,321.00360107421875
2022-08-19,399.1634826660156,314.7449951171875
2022-08-20,,
2022-08-21,,
2022-08-22,390.85186767578125,306.4586486816406
2022-08-23,389.90631103515625,306.2052001953125
2022-08-24,391.1544189453125,307.09228515625
2022-08-25,396.6766662597656,312.52227783203125
2022-08-26,383.24951171875,299.71258544921875
2022-08-27,,
2022-08-28,,
2022-08-29,380.71539306640625,296.7587585449219
2022-08-30,376.53594970703125,293.45391845703125
2022-08-31,373.6707763671875,291.7479553222656
2022-09-01,374.8433837890625,291.8746643066406
2022-09-02,370.890869140625,287.7509765625
2022-09-03,,
2022-09-04,,
2022-09-05,,
2022-09-06,369.491455078125,285.68426513671875
2022-09-07,376.12933349609375,291.4555358886719
2022-09-08,378.5877990722656,292.9665222167969
2022-09-09,384.46929931640625,299.3713684082031
2022-09-10,,
2022-09-11,,
2022-09-12,388.6014404296875,302.9296569824219
2022-09-13,371.70404052734375,286.3179931640625
2022-09-14,373.1224670410156,288.5894470214844
2022-09-15,368.88623046875,283.78326416015625
2022-09-16,366.0720520019531,282.0480041503906
2022-09-17,,
2022-09-18,,
2022-09-19,368.9109191894531,284.2444152832031
2022-09-20,364.6763610839844,281.9786682128906
2022-09-21,358.3150329589844,276.92962646484375
2022-09-22,355.3052673339844,273.52117919921875
2022-09-23,349.35211181640625,269.06781005859375
2022-09-24,,
2022-09-25,,
2022-09-26,345.8960876464844,267.9544677734375
2022-09-27,345.0130920410156,268.0618591308594
2022-09-28,351.8017883300781,273.3942565917969
2022-09-29,344.4529724121094,265.5129089355469
2022-09-30,339.12652587890625,261.0107727050781
2022-10-01,,
2022-10-02,,
2022-10-03,348.07989501953125,267.1341552734375
2022-10-04,358.86566162109375,275.5329895019531
2022-10-05,358.0301818847656,275.38653564453125
2022-10-06,354.3368225097656,273.21844482421875
2022-10-07,344.4529724121094,262.8077087402344
2022-10-08,,
2022-10-09,,
2022-10-10,341.82293701171875,260.1806335449219
2022-10-11,339.658203125,256.606201171875
2022-10-12,338.5378112792969,256.518310546875
2022-10-13,347.47222900390625,262.5343017578125
2022-10-14,339.55377197265625,254.64320373535156
2022-10-15,,
2022-10-16,,
2022-10-17,348.2793273925781,263.05181884765625
2022-10-18,352.3714294433594,265.13214111328125
2022-10-19,349.874267578125,264.1652526855469
2022-10-20,346.9405212402344,262.8174743652344
2022-10-21,355.3716735839844,268.97991943359375
2022-10-22,,
2022-10-23,,
2022-10-24,359.7202453613281,271.93902587890625
2022-10-25,365.4644470214844,277.56439208984375
2022-10-26,362.7109375,271.4312438964844
2022-10-27,360.77410888671875,266.4895935058594
2022-10-28,369.357177734375,274.6443176269531
2022-10-29,,
2022-10-30,,
2022-10-31,366.6892395019531,271.4507751464844
2022-11-01,365.0845947265625,268.6771545410156
2022-11-02,355.92236328125,259.4676208496094
2022-11-03,352.2574768066406,254.39903259277344
2022-11-04,357.32757568359375,258.49102783203125
2022-11-05,,
2022-11-06,,
2022-11-07,360.74560546875,261.3330993652344
2022-11-08,362.69195556640625,263.2374267578125
2022-11-09,355.2197570800781,257.1628112792969
2022-11-10,374.74053955078125,276.1385498046875
2022-11-11,378.3675231933594,281.2266845703125
2022-11-12,,
2022-11-13,,
2022-11-14,375.1488952636719,278.7655944824219
2022-11-15,378.3485412597656,282.62322998046875
2022-11-16,375.462158203125,278.7655944824219
2022-11-17,374.3133239746094,278.1503601074219
2022-11-18,376.0128479003906,278.1601257324219
2022-11-19,,
2022-11-20,,
2022-11-21,374.64569091796875,275.2986755371094
2022-11-22,379.68719482421875,279.2637023925781
2022-11-23,382.0798645019531,282.0666198730469
2022-11-24,,
2022-11-25,381.9944763183594,280.2110290527344
2022-11-26,,
2022-11-27,,
2022-11-28,375.89892578125,276.09942626953125
2022-11-29,375.2532958984375,274.009521484375
2022-11-30,387.0740051269531,286.5003967285156
2022-12-01,386.7892150878906,286.8519592285156
2022-12-02,386.3429260253906,285.7093505859375
2022-12-03,,
2022-12-04,,
2022-12-05,379.39288330078125,280.91424560546875
2022-12-06,373.9240417480469,275.09356689453125
2022-12-07,373.28790283203125,273.9704284667969
2022-12-08,376.2121887207031,277.2127990722656
2022-12-09,373.4018859863281,275.445068359375
2022-12-10,,
2022-12-11,,
2022-12-12,378.7853088378906,278.9023742675781
2022-12-13,381.6526794433594,281.9005432128906
2022-12-14,379.2124938964844,279.8105773925781
2022-12-15,369.9363098144531,270.4156188964844
2022-12-16,365.5687561035156,267.8372802734375
2022-12-17,,
2022-12-18,,
2022-12-19,362.468994140625,264.0732116699219
2022-12-20,362.9649353027344,263.86767578125
2022-12-21,368.3921203613281,267.6953430175781
2022-12-22,363.1366271972656,261.14617919921875
2022-12-23,365.2254333496094,261.7334899902344
2022-12-24,,
2022-12-25,,
2022-12-26,,
2022-12-27,363.7851867675781,258.0330505371094
2022-12-28,359.2641906738281,254.6262664794922
2022-12-29,365.7309875488281,260.83282470703125
2022-12-30,364.7676696777344,260.67620849609375
2022-12-31,,
2023-01-01,,
2023-01-02,,
2023-01-03,363.23199462890625,258.9140930175781
2023-01-04,366.03619384765625,260.1475830078125
2023-01-05,361.8584899902344,256.0751647949219
2023-01-06,370.15667724609375,263.1431579589844
2023-01-07,,
2023-01-08,,
2023-01-09,369.9468688964844,264.8465881347656
2023-01-10,372.54119873046875,267.08843994140625
2023-01-11,377.2530517578125,271.7090759277344
2023-01-12,378.6265563964844,273.17742919921875
2023-01-13,380.095458984375,275.0570373535156
2023-01-14,,
2023-01-15,,
2023-01-16,,
2023-01-17,379.399169921875,275.6150817871094
2023-01-18,373.4092102050781,272.0321044921875
2023-01-19,370.6908264160156,269.3595275878906
2023-01-20,377.5964660644531,276.7311096191406
2023-01-21,,
2023-01-22,,
2023-01-23,382.1271057128906,282.8789367675781
2023-01-24,381.71697998046875,282.3013000488281
2023-01-25,381.8600158691406,281.6748046875
2023-01-26,386.0567321777344,287.1667785644531
2023-01-27,386.94384765625,290.02532958984375
2023-01-28,,
2023-01-29,,
2023-01-30,382.0888671875,284.16131591796875
2023-01-31,387.7069091796875,288.4197998046875
2023-02-01,391.827392578125,294.5872802734375
2023-02-02,397.53118896484375,305.15997314453125
2023-02-03,393.3057861328125,299.7366027832031
2023-02-04,,
2023-02-05,,
2023-02-06,390.90216064453125,297.2010498046875
2023-02-07,396.0146484375,303.35870361328125
2023-02-08,391.6843566894531,297.964599609375
2023-02-09,388.28863525390625,295.3312072753906
2023-02-10,389.19482421875,293.39288330078125
2023-02-11,,
2023-02-12,,
2023-02-13,393.76361083984375,298.0919189453125
2023-02-14,393.58245849609375,300.2945251464844
2023-02-15,394.86053466796875,302.5950927734375
2023-02-16,389.42376708984375,296.91717529296875
2023-02-17,388.4508972167969,294.822265625
2023-02-18,,
2023-02-19,,
2023-02-20,,
2023-02-21,380.6581726074219,287.84222412109375
2023-02-22,380.13360595703125,288.05755615234375
2023-02-23,382.1556701660156,290.57354736328125
2023-02-24,378.07342529296875,285.7080993652344
2023-02-25,,
2023-02-26,,
2023-02-27,379.3609924316406,287.75408935546875
2023-02-28,377.9588317871094,287.38214111328125
2023-03-01,376.50909423828125,285.07183837890625
2023-03-02,379.4373779296875,287.4309997558594
2023-03-03,385.52264404296875,293.37322998046875
2023-03-04,,
2023-03-05,,
2023-03-06,385.7897033691406,293.7061462402344
2023-03-07,379.8760070800781,290.10357666015625
2023-03-08,380.49603271484375,291.552490234375
2023-03-09,373.4759216308594,286.5010681152344
2023-03-10,368.0868835449219,282.4775695800781
2023-03-11,,
2023-03-12,,
2023-03-13,367.56231689453125,284.572509765625
2023-03-14,373.63812255859375,291.1119689941406
2023-03-15,371.3013000488281,292.6391906738281
2023-03-16,377.8158264160156,300.35333251953125
2023-03-17,373.39813232421875,298.93377685546875
2023-03-18,,
2023-03-19,,
2023-03-20,376.9886169433594,299.9947204589844
2023-03-21,381.9386291503906,304.2793273925781
2023-03-22,375.4279479980469,300.1417236328125
2023-03-23,376.4427795410156,303.7008361816406
2023-03-24,378.9130859375,304.8185729980469
2023-03-25,,
2023-03-26,,
2023-03-27,379.6214904785156,302.730224609375
2023-03-28,378.7694396972656,301.1221923828125
2023-03-29,384.2748107910156,306.6128234863281
2023-03-30,386.5248718261719,309.5149841308594
2023-03-31,391.9727783203125,314.6625671386719
2023-04-01,,
2023-04-02,,
2023-04-03,393.4664306640625,313.8977355957031
2023-04-04,391.2834167480469,312.8388366699219
2023-04-05,390.2589416503906,309.7503662109375
2023-04-06,391.78125,311.8387756347656
2023-04-07,,
2023-04-08,,
2023-04-09,,
2023-04-10,392.18341064453125,311.6622619628906
2023-04-11,392.2887268066406,309.6620788574219
2023-04-12,390.6897888183594,306.9266052246094
2023-04-13,395.879150390625,312.93695068359375
2023-04-14,394.912109375,312.3486328125
2023-04-15,,
2023-04-16,,
2023-04-17,396.3292541503906,312.61334228515625
2023-04-18,396.5876770019531,312.6329345703125
2023-04-19,396.52069091796875,312.4858703613281
2023-04-20,394.3569030761719,310.103271484375
2023-04-21,394.6632080078125,310.42681884765625
2023-04-22,,
2023-04-23,,
2023-04-24,395.074951171875,309.77984619140625
2023-04-25,388.80352783203125,303.9361572265625
2023-04-26,387.1567687988281,305.7794189453125
2023-04-27,394.8642272949219,314.0938720703125
2023-04-28,398.2345275878906,316.26068115234375
2023-04-29,,
2023-04-30,,
2023-05-01,397.8324890136719,315.8979187011719
2023-05-02,393.3610534667969,313.1427917480469
2023-05-03,390.6610412597656,311.0936279296875
2023-05-04,387.8940124511719,309.9955139160156
2023-05-05,395.074951171875,316.584228515625
2023-05-06,,
2023-05-07,,
2023-05-08,395.1803283691406,317.36859130859375
2023-05-09,393.447265625,315.35870361328125
2023-05-10,395.2855529785156,318.7903137207031
2023-05-11,394.5962219238281,319.82958984375
2023-05-12,394.0791931152344,318.682373046875
2023-05-13,,
2023-05-14,,
2023-05-15,395.438720703125,320.4080505371094
2023-05-16,392.7961730957031,320.7708435058594
2023-05-17,397.5643310546875,324.65350341796875
2023-05-18,401.3941345214844,330.68341064453125
2023-05-19,400.8100891113281,329.9382629394531
2023-05-20,,
2023-05-21,,
2023-05-22,400.9728088378906,331.046142578125
2023-05-23,396.47283935546875,326.8497619628906
2023-05-24,393.6004638671875,325.1732177734375
2023-05-25,397.00897216796875,333.0855712890625
2023-05-26,402.1505126953125,341.5960388183594
2023-05-27,,
2023-05-28,,
2023-05-29,,
2023-05-30,402.3036804199219,343.145263671875
2023-05-31,400.07293701171875,341.1941223144531
2023-06-01,403.8740234375,345.135498046875
2023-06-02,409.7144470214844,347.7239685058594
2023-06-03,,
2023-06-04,,
2023-06-05,408.92938232421875,347.9691162109375
2023-06-06,409.8197326660156,347.9102783203125
2023-06-07,408.40264892578125,342.00787353515625
2023-06-08,410.8729553222656,346.2532653808594
2023-06-09,411.6101989746094,347.5769348144531
2023-06-10,,
2023-06-11,,
2023-06-12,415.3442077636719,353.449951171875
2023-06-13,418.08258056640625,356.1659240722656
2023-06-14,418.5804443359375,358.7542724609375
2023-06-15,423.7698669433594,363.0291442871094
2023-06-16,422.326416015625,360.74462890625
2023-06-17,,
2023-06-18,,
2023-06-19,,
2023-06-20,420.13531494140625,360.2282409667969
2023-06-21,417.982666015625,355.319091796875
2023-06-22,419.4914245605469,359.5115051269531
2023-06-23,416.32012939453125,355.9474792480469
2023-06-24,,
2023-06-25,,
2023-06-26,414.6191101074219,351.1758728027344
2023-06-27,419.1647033691406,357.21405029296875
2023-06-28,419.37615966796875,357.9111022949219
2023-06-29,421.0290832519531,357.19439697265625
2023-06-30,425.9975280761719,362.702392578125
2023-07-01,,
2023-07-02,,
2023-07-03,426.4876403808594,363.5566101074219
2023-07-04,,
2023-07-05,425.8533020019531,363.5467834472656
2023-07-06,422.5186767578125,360.7780456542969
2023-07-07,421.4518737792969,359.5802001953125
2023-07-08,,
2023-07-09,,
2023-07-10,422.5186767578125,359.697998046875
2023-07-11,425.2095031738281,361.47515869140625
2023-07-12,428.63067626953125,366.0405578613281
2023-07-13,432.0326843261719,372.2554626464844
2023-07-14,431.7635498046875,372.1769104003906
2023-07-15,,
2023-07-16,,
2023-07-17,433.26275634765625,375.6525573730469
2023-07-18,436.482177734375,378.72564697265625
2023-07-19,437.45281982421875,378.63726806640625
2023-07-20,434.550537109375,369.9089050292969
2023-07-21,434.550537109375,368.7994689941406
2023-07-22,,
2023-07-23,,
2023-07-24,436.4917907714844,369.3885803222656
2023-07-25,437.6834411621094,371.89215087890625
2023-07-26,437.75067138671875,370.6550598144531
2023-07-27,434.8484191894531,369.771484375
2023-07-28,439.1056823730469,376.5067443847656
2023-07-29,,
2023-07-30,,
2023-07-31,439.9418029785156,376.70306396484375
2023-08-01,438.682861328125,375.82928466796875
2023-08-02,432.5804443359375,367.58203125
2023-08-03,431.3406677246094,366.992919921875
2023-08-04,429.38983154296875,365.2747802734375
2023-08-05,,
2023-08-06,,
2023-08-07,433.1378173828125,368.367431640625
2023-08-08,431.25421142578125,365.2354431152344
2023-08-09,428.37115478515625,361.2198486328125
2023-08-10,428.5249328613281,361.88751220703125
2023-08-11,428.2751159667969,359.5802001953125
2023-08-12,,
2023-08-13,,
2023-08-14,430.63916015625,363.615478515625
2023-08-15,425.6227111816406,359.7569580078125
2023-08-16,422.4994201660156,355.9474792480469
2023-08-17,419.2799987792969,352.0594787597656
2023-08-18,419.4817810058594,351.6176452636719
2023-08-19,,
2023-08-20,,
2023-08-21,422.2110900878906,357.28271484375
2023-08-22,421.0675048828125,356.772216796875
2023-08-23,425.7572326660156,362.3981018066406
2023-08-24,419.8566589355469,354.6514587402344
2023-08-25,422.8165588378906,357.4005432128906
2023-08-26,,
2023-08-27,,
2023-08-28,425.497802734375,360.0907897949219
2023-08-29,431.64825439453125,367.95513916015625
2023-08-30,433.42608642578125,370.0070495605469
2023-08-31,432.7918395996094,371.1165466308594
2023-09-01,433.5990295410156,370.723876953125
2023-09-02,,
2023-09-03,,
2023-09-04,,
2023-09-05,431.72509765625,371.19512939453125
2023-09-06,428.8228454589844,367.9256286621094
2023-09-07,427.50634765625,365.29437255859375
2023-09-08,428.150146484375,365.8049621582031
2023-09-09,,
2023-09-10,,
2023-09-11,430.9659423828125,370.1151123046875
2023-09-12,428.6017761230469,366.0111083984375
2023-09-13,429.1015319824219,367.4053039550781
2023-09-14,432.80145263671875,370.4095764160156
2023-09-15,427.5869445800781,364.0671081542969
2023-09-16,,
2023-09-17,,
2023-09-18,427.83770751953125,364.4466857910156
2023-09-19,426.95037841796875,363.6698913574219
2023-09-20,423.0252990722656,358.4292297363281
2023-09-21,416.0334167480469,351.8611755371094
2023-09-22,415.09796142578125,351.9103698730469
2023-09-23,,
2023-09-24,,
2023-09-25,416.8434753417969,353.58184814453125
2023-09-26,410.7195129394531,348.2723388671875
2023-09-27,410.8835144042969,349.0884704589844
2023-09-28,413.2655334472656,352.0086669921875
2023-09-29,412.2626037597656,352.2643127441406
2023-09-30,,
2023-10-01,,
2023-10-02,412.0986022949219,355.2043151855469
2023-10-03,406.5822448730469,348.97052001953125
2023-10-04,409.5429382324219,353.7195739746094
2023-10-05,409.3886413574219,352.67730712890625
2023-10-06,414.2492370605469,358.5865478515625
2023-10-07,,
2023-10-08,,
2023-10-09,416.9013671875,360.41534423828125
2023-10-10,419.0713195800781,362.411376953125
2023-10-11,420.7878723144531,364.9973449707031
2023-10-12,418.2225646972656,363.72882080078125
2023-10-13,416.139404296875,359.1568603515625
2023-10-14,,
2023-10-15,,
2023-10-16,420.5178527832031,363.21759033203125
2023-10-17,420.4985046386719,362.0278625488281
2023-10-18,414.8953857421875,357.27886962890625
2023-10-19,411.24993896484375,353.93585205078125
2023-10-20,406.1965026855469,348.65582275390625
2023-10-21,,
2023-10-22,,
2023-10-23,405.4924621582031,349.7079162597656
2023-10-24,408.54962158203125,353.1099853515625
2023-10-25,402.6860656738281,344.46722412109375
2023-10-26,397.86407470703125,337.89923095703125
2023-10-27,396.0606384277344,339.5216369628906
2023-10-28,,
2023-10-29,,
2023-10-30,400.79583740234375,343.346435546875
2023-10-31,403.31292724609375,344.9883117675781
2023-11-01,407.6141357421875,350.97625732421875
2023-11-02,415.42584228515625,357.3476867675781
2023-11-03,419.2159729003906,361.5461120605469
2023-11-04,,
2023-11-05,,
2023-11-06,420.18035888671875,363.0209045410156
2023-11-07,421.37615966796875,366.4524841308594
2023-11-08,421.68475341796875,366.68841552734375
2023-11-09,418.3962097167969,363.8665466308594
2023-11-10,424.9251708984375,372.0470275878906
2023-11-11,,
2023-11-12,,
2023-11-13,424.5201416015625,370.88677978515625
2023-11-14,432.7561340332031,378.8707275390625
2023-11-15,433.67230224609375,379.1558837890625
2023-11-16,434.2027282714844,379.4803771972656
2023-11-17,434.7428283691406,379.5688781738281
2023-11-18,,
2023-11-19,,
2023-11-20,438.0892639160156,384.1900329589844
2023-11-21,437.134521484375,381.95806884765625
2023-11-22,438.82220458984375,383.521484375
2023-11-23,,
2023-11-24,439.0922546386719,382.9806823730469
2023-11-25,,
2023-11-26,,
2023-11-27,438.30145263671875,382.6463317871094
2023-11-28,438.7353820800781,383.6492614746094
2023-11-29,438.4267883300781,383.2756042480469
2023-11-30,440.153076171875,382.3120422363281
2023-12-01,442.7569885253906,383.40350341796875
2023-12-02,,
2023-12-03,,
2023-12-04,440.4327697753906,379.8441467285156
2023-12-05,440.34600830078125,380.7978210449219
2023-12-06,438.57147216796875,378.59539794921875
2023-12-07,441.9179382324219,383.8852233886719
2023-12-08,443.8178405761719,385.5960998535156
2023-12-09,,
2023-12-10,,
2023-12-11,445.5440979003906,388.889892578125
2023-12-12,447.57904052734375,391.9871520996094
2023-12-13,453.75115966796875,396.9721374511719
2023-12-14,455.2073974609375,396.6280212402344
2023-12-15,454.45794677734375,398.5453186035156
2023-12-16,,
2023-12-17,,
2023-12-18,457.0143127441406,401.05560302734375
2023-12-19,459.7933654785156,403.10479736328125
2023-12-20,453.4218444824219,397.1148376464844
2023-12-21,457.7211608886719,401.7353820800781
2023-12-22,458.6409912109375,402.3363952636719
2023-12-23,,
2023-12-24,,
2023-12-25,,
2023-12-26,460.57763671875,404.7993469238281
2023-12-27,461.4104309082031,405.6234436035156
2023-12-28,461.584716796875,405.42626953125
2023-12-29,460.2484130859375,403.6716613769531
2023-12-30,,
2023-12-31,,
2024-01-01,,
2024-01-02,457.6727294921875,396.84063720703125
2024-01-03,453.93505859375,392.6415100097656
2024-01-04,452.47283935546875,390.6207580566406
2024-01-05,453.0926208496094,391.0840759277344
2024-01-06,,
2024-01-07,,
2024-01-08,459.5608825683594,399.1669921875
2024-01-09,458.8637390136719,399.95556640625
2024-01-10,461.4588623046875,402.666259765625
2024-01-11,461.2555236816406,403.5041809082031
2024-01-12,461.5750427246094,403.711181640625
2024-01-13,,
2024-01-14,,
2024-01-15,,
2024-01-16,459.8804626464844,403.6716613769531
2024-01-17,457.3241882324219,401.3946533203125
2024-01-18,461.3910217285156,407.0921325683594
2024-01-19,467.1427917480469,415.1651611328125
2024-01-20,,
2024-01-21,,
2024-01-22,468.1304626464844,415.70733642578125
2024-01-23,469.4958190917969,417.4324035644531
2024-01-24,470.00909423828125,419.7488098144531
2024-01-25,472.5653381347656,420.2613525390625
2024-01-26,471.965087890625,417.7576599121094
2024-01-27,,
2024-01-28,,
2024-01-29,475.7026672363281,422.0356750488281
2024-01-30,475.3347473144531,419.2263488769531
2024-01-31,467.57855224609375,411.01531982421875
2024-02-01,473.69830322265625,415.855224609375
2024-02-02,478.6850891113281,422.8833312988281
2024-02-03,,
2024-02-04,,
2024-02-05,476.9421081542969,422.3313903808594
2024-02-06,478.32684326171875,421.48370361328125
2024-02-07,482.3162841796875,425.82086181640625
2024-02-08,482.5293273925781,426.60943603515625
2024-02-09,485.3179931640625,430.80853271484375
2024-02-10,,
2024-02-11,,
2024-02-12,485.10498046875,429.12298583984375
2024-02-13,478.4236145019531,422.429931640625
2024-02-14,482.77142333984375,427.0332336425781
2024-02-15,486.1023864746094,428.3048095703125
2024-02-16,483.68157958984375,424.42108154296875
2024-02-17,,
2024-02-18,,
2024-02-19,,
2024-02-20,481.01873779296875,421.2174987792969
2024-02-21,481.4544982910156,419.5319519042969
2024-02-22,491.4184265136719,431.81396484375
2024-02-23,491.75732421875,430.54241943359375
2024-02-24,,
2024-02-25,,
2024-02-26,489.95623779296875,430.315673828125
2024-02-27,490.866455078125,431.3506774902344
2024-02-28,490.2176818847656,429.0539855957031
2024-02-29,491.9800109863281,432.730712890625
2024-03-01,496.59881591796875,439.2463073730469
2024-03-02,,
2024-03-03,,
2024-03-04,496.0662841796875,437.67901611328125
2024-03-05,491.1086120605469,429.8228454589844
2024-03-06,493.5971374511719,432.5236511230469
2024-03-07,498.4967346191406,439.088623046875
2024-03-08,495.5046691894531,432.7503662109375
2024-03-09,,
2024-03-10,,
2024-03-11,495.07855224609375,431.14373779296875
2024-03-12,500.4043884277344,437.32415771484375
2024-03-13,499.6200256347656,433.9628601074219
2024-03-14,498.6323547363281,432.86871337890625
2024-03-15,495.20843505859375,427.7232360839844
2024-03-16,,
2024-03-17,,
2024-03-18,498.15155029296875,431.80267333984375
2024-03-19,500.9197692871094,432.87847900390625
2024-03-20,505.552978515625,438.0110168457031
2024-03-21,507.2236633300781,440.083740234375
2024-03-22,506.2619934082031,440.58709716796875
2024-03-23,,
2024-03-24,,
2024-03-25,504.8634033203125,438.9881591796875
2024-03-26,503.9309387207031,437.56683349609375
2024-03-27,508.1658630371094,439.05718994140625
2024-03-28,508.06878662109375,438.2479248046875
2024-03-29,,
2024-03-30,,
2024-03-31,,
2024-04-01,507.184814453125,439.1757507324219
2024-04-02,503.9600830078125,435.3855285644531
2024-04-03,504.513671875,436.3626708984375
2024-04-04,498.3555908203125,429.6903991699219
2024-04-05,503.5617370605469,434.75384521484375
2024-04-06,,
2024-04-07,,
2024-04-08,503.8433837890625,434.8821716308594
2024-04-09,504.42620849609375,436.49102783203125
2024-04-10,499.3753662109375,432.6811218261719
2024-04-11,503.14410400390625,439.5902404785156
2024-04-12,496.1991271972656,432.5823669433594
2024-04-13,,
2024-04-14,,
2024-04-15,489.98272705078125,425.4659423828125
2024-04-16,489.089111328125,425.50543212890625
2024-04-17,486.1945495605469,420.3136901855469
2024-04-18,485.1940612792969,417.9152526855469
2024-04-19,480.95916748046875,409.2688903808594
2024-04-20,,
2024-04-21,,
2024-04-22,485.3883972167969,413.3847961425781
2024-04-23,491.1482849121094,419.5536193847656
2024-04-24,490.9151916503906,420.9750061035156
2024-04-25,489.05023193359375,418.9417724609375
2024-04-26,493.6834716796875,425.40673828125
2024-04-27,,
2024-04-28,,
2024-04-29,495.4318542480469,427.1340637207031
2024-04-30,487.5835876464844,419.07989501953125
2024-05-01,486.00030517578125,416.04974365234375
2024-05-02,490.54608154296875,421.3599548339844
2024-05-03,496.6265563964844,429.8285827636719
2024-05-04,,
2024-05-05,,
2024-05-06,501.7550964355469,434.53668212890625
2024-05-07,502.30877685546875,434.6057434082031
2024-05-08,502.3572998046875,434.34912109375
2024-05-09,505.2518615722656,435.2966613769531
2024-05-10,505.9027099609375,436.32318115234375
2024-05-11,,
2024-05-12,,
2024-05-13,505.9706726074219,437.3299255371094
2024-05-14,508.29217529296875,440.1429748535156
2024-05-15,514.5862426757812,447.02252197265625
2024-05-16,513.5274658203125,446.1144714355469
2024-05-17,514.2657470703125,445.8973388671875
2024-05-18,,
2024-05-19,,
2024-05-20,514.858154296875,449.0064697265625
2024-05-21,516.1209106445312,449.8849182128906
2024-05-22,514.6348266601562,449.7960510253906
2024-05-23,510.8757629394531,447.77264404296875
2024-05-24,514.2559814453125,452.0069580078125
2024-05-25,,
2024-05-26,,
2024-05-27,,
2024-05-28,514.6154174804688,453.7145690917969
2024-05-29,511.0118103027344,450.5166015625
2024-05-30,507.62188720703125,445.6900634765625
2024-05-31,512.2453002929688,444.8609313964844
2024-06-01,,
2024-06-02,,
2024-06-03,512.6630249023438,447.2495422363281
2024-06-04,513.2362060546875,448.4734191894531
2024-06-05,519.3359375,457.5145263671875
2024-06-06,519.3263549804688,457.356689453125
2024-06-07,518.69482421875,456.95196533203125
2024-06-08,,
2024-06-09,,
2024-06-10,520.297607421875,458.79766845703125
2024-06-11,521.5506591796875,461.9462890625
2024-06-12,525.834228515625,467.9967346191406
2024-06-13,526.8929443359375,470.53338623046875
2024-06-14,527.2134399414062,472.9713439941406
2024-06-15,,
2024-06-16,,
2024-06-17,531.4095458984375,478.76519775390625
2024-06-18,532.7597045898438,478.9132080078125
2024-06-19,,
2024-06-20,531.3124389648438,475.2217712402344
2024-06-21,530.60009765625,473.9485168457031
2024-06-22,,
2024-06-23,,
2024-06-24,528.875244140625,468.5527648925781
2024-06-25,530.9119873046875,473.91094970703125
2024-06-26,531.5746459960938,474.88958740234375
2024-06-27,532.4126586914062,476.115478515625
2024-06-28,530.3174438476562,473.64398193359375
2024-06-29,,
2024-06-30,,
2024-07-01,531.408935546875,476.4219970703125
2024-07-02,534.985107421875,481.42425537109375
2024-07-03,537.3724975585938,485.4378967285156
2024-07-04,,
2024-07-05,540.4713134765625,490.49951171875
2024-07-06,,
2024-07-07,,
2024-07-08,541.0950317382812,491.6660461425781
2024-07-09,541.6211547851562,492.0910949707031
2024-07-10,546.9805908203125,497.2218933105469
2024-07-11,542.2644653320312,486.3177795410156
2024-07-12,545.6846313476562,489.1748046875
2024-07-13,,
2024-07-14,,
2024-07-15,547.1854248046875,490.4895935058594
2024-07-16,550.4301147460938,490.67742919921875
2024-07-17,542.712646484375,476.273681640625
2024-07-18,538.5419921875,474.01959228515625
2024-07-19,534.965576171875,469.8181457519531
2024-07-20,,
2024-07-21,,
2024-07-22,540.4810791015625,476.8174133300781
2024-07-23,539.6334228515625,475.13677978515625
2024-07-24,527.4038696289062,458.0934753417969
2024-07-25,524.656005859375,453.0417785644531
2024-07-26,530.5319213867188,457.68817138671875
2024-07-27,,
2024-07-28,,
2024-07-29,530.84375,458.6075744628906
2024-07-30,528.1542358398438,452.3101806640625
2024-07-31,536.7390747070312,465.6957092285156
2024-08-01,529.138427734375,454.4159240722656
2024-08-02,519.28662109375,443.63037109375
2024-08-03,,
2024-08-04,,
2024-08-05,504.1631774902344,430.4029846191406
2024-08-06,508.8113708496094,434.51556396484375
2024-08-07,505.4104309082031,429.8099060058594
2024-08-08,517.0941772460938,442.9580993652344
2024-08-09,519.3743286132812,445.2714538574219
2024-08-10,,
2024-08-11,,
2024-08-12,519.647216796875,446.23040771484375
2024-08-13,528.193115234375,457.30255126953125
2024-08-14,529.8594360351562,457.45086669921875
2024-08-15,538.9414672851562,469.007568359375
2024-08-16,540.1497802734375,469.610595703125
2024-08-17,,
2024-08-18,,
2024-08-19,545.3142700195312,475.7793273925781
2024-08-20,544.4275512695312,474.7809143066406
2024-08-21,546.2985229492188,476.99530029296875
2024-08-22,542.0108642578125,469.4326171875
2024-08-23,547.77001953125,474.5238342285156
2024-08-24,,
2024-08-25,,
2024-08-26,546.4641723632812,469.91705322265625
2024-08-27,547.214599609375,471.3208312988281
2024-08-28,544.0377807617188,465.9725646972656
2024-08-29,544.0866088867188,465.2904052734375
2024-08-30,549.2803955078125,470.8363952636719
2024-08-31,,
2024-09-01,,
2024-09-02,,
2024-09-03,537.9766845703125,456.5413513183594
2024-09-04,536.8755493164062,455.35504150390625
2024-09-05,535.5697631835938,455.7801513671875
2024-09-06,526.55615234375,443.5710144042969
2024-09-07,,
2024-09-08,,
2024-09-09,532.4515380859375,449.2752380371094
2024-09-10,534.770751953125,453.4273376464844
2024-09-11,540.2570190429688,463.2736511230469
2024-09-12,544.8076171875,467.8211975097656
2024-09-13,547.6530151367188,469.91705322265625
2024-09-14,,
2024-09-15,,
2024-09-16,548.4619750976562,467.8409423828125
2024-09-17,548.6859130859375,468.088134765625
2024-09-18,547.05859375,466.0615234375
2024-09-19,556.3939208984375,477.8454895019531
2024-09-20,555.4320678710938,476.9360046386719
2024-09-21,,
2024-09-22,,
2024-09-23,556.820068359375,478.2002258300781
2024-09-24,558.4132690429688,480.5068664550781
2024-09-25,557.181640625,480.9523620605469
2024-09-26,559.3907470703125,484.5657958984375
2024-09-27,558.5794677734375,481.8730163574219
2024-09-28,,
2024-09-29,,
2024-09-30,560.8177490234375,483.17987060546875
2024-10-01,555.7937622070312,476.44793701171875
2024-10-02,556.0283813476562,477.12115478515625
2024-10-03,555.0117797851562,476.7647399902344
2024-10-04,560.0553588867188,482.43731689453125
2024-10-05,,
2024-10-06,,
2024-10-07,554.9922485351562,477.2696838378906
2024-10-08,560.2410888671875,484.3974914550781
2024-10-09,564.1216430664062,488.20892333984375
2024-10-10,563.1344604492188,487.6545104980469
2024-10-11,566.5065307617188,488.4167785644531
2024-10-12,,
2024-10-13,,
2024-10-14,571.1397094726562,492.5153503417969
2024-10-15,566.7020263671875,485.9319763183594
2024-10-16,569.1651611328125,485.9913635253906
2024-10-17,569.2140502929688,486.32794189453125
2024-10-18,571.403564453125,489.5157470703125
2024-10-19,,
2024-10-20,,
2024-10-21,570.4652099609375,490.4562072753906
2024-10-22,570.1621704101562,490.9908142089844
2024-10-23,564.952392578125,483.46685791015625
2024-10-24,566.1741333007812,487.3872375488281
2024-10-25,565.9786987304688,490.3572082519531
2024-10-26,,
2024-10-27,,
2024-10-28,567.7283935546875,490.4364318847656
2024-10-29,568.6470947265625,495.1487121582031
2024-10-30,566.9268798828125,491.4065856933594
2024-10-31,555.8133544921875,479.00213623046875
2024-11-01,558.1591186523438,482.54620361328125
2024-11-02,,
2024-11-03,,
2024-11-04,556.9569702148438,481.14044189453125
2024-11-05,563.6915283203125,487.2783508300781
2024-11-06,577.7079467773438,500.51434326171875
2024-11-07,582.1749267578125,508.3945617675781
2024-11-08,584.69677734375,508.9886169433594
2024-11-09,,
2024-11-10,,
2024-11-11,585.2538452148438,508.691650390625
2024-11-12,583.4359741210938,507.7708740234375
2024-11-13,583.7192993164062,507.1175537109375
2024-11-14,579.9660034179688,503.5932312011719
2024-11-15,572.537353515625,491.59466552734375
2024-11-16,,
2024-11-17,,
2024-11-18,574.8832397460938,495.0101013183594
2024-11-19,576.9846801757812,498.4156188964844
2024-11-20,577.1802978515625,498.1285705566406
2024-11-21,580.2786865234375,499.9203796386719
2024-11-22,582.0772705078125,500.7222900390625
2024-11-23,,
2024-11-24,,
2024-11-25,584.0516967773438,501.5143127441406
2024-11-26,587.1012573242188,504.20703125
2024-11-27,585.3223266601562,500.2372131347656
2024-11-28,,
2024-11-29,588.9584350585938,504.63262939453125
2024-11-30,,
2024-12-01,,
2024-12-02,590.0140380859375,510.1271667480469
2024-12-03,590.2877807617188,511.69122314453125
2024-12-04,593.9530029296875,518.0172729492188
2024-12-05,592.9757080078125,516.5817260742188
2024-12-06,594.0997924804688,521.2048950195312
2024-12-07,,
2024-12-08,,
2024-12-09,591.040283203125,517.1460571289062
2024-12-10,589.2026977539062,515.3839111328125
2024-12-11,593.7576293945312,524.6104736328125
2024-12-12,590.6982421875,521.2247924804688
2024-12-13,590.5810546875,525.2144165039062
2024-12-14,,
2024-12-15,,
2024-12-16,593.102783203125,532.7778930664062
2024-12-17,590.6590576171875,530.4315795898438
2024-12-18,573.055419921875,511.2952575683594
2024-12-19,572.87939453125,509.01824951171875
2024-12-20,579.7603759765625,513.4633178710938
2024-12-21,,
2024-12-22,,
2024-12-23,583.2320556640625,518.4657592773438
2024-12-24,589.7146606445312,525.49609375
2024-12-25,,
2024-12-26,589.75390625,525.1390991210938
2024-12-27,583.5459594726562,518.158447265625
2024-12-28,,
2024-12-29,,
2024-12-30,576.88671875,511.2670593261719
2024-12-31,574.7880249023438,506.92388916015625
2025-01-01,,
2025-01-02,573.3756713867188,505.93231201171875
2025-01-03,580.5448608398438,514.2119750976562
2025-01-04,,
2025-01-05,,
2025-01-06,583.88916015625,520.1217651367188
2025-01-07,577.288818359375,510.84063720703125
2025-01-08,578.13232421875,510.9299011230469
2025-01-09,,
2025-01-10,569.3056030273438,502.9178771972656
2025-01-11,,
2025-01-12,,
2025-01-13,570.1883544921875,501.3016357421875
2025-01-14,570.972900390625,500.82568359375
2025-01-15,581.3588256835938,512.3478393554688
2025-01-16,580.2408447265625,508.75830078125
2025-01-17,586.0663452148438,517.3453369140625
2025-01-18,,
2025-01-19,,
2025-01-20,,
2025-01-21,591.4309692382812,520.3795776367188
2025-01-22,594.7557373046875,527.0331420898438
2025-01-23,598.0018920898438,528.1535034179688
2025-01-24,596.2561645507812,525.1688842773438
2025-01-25,,
2025-01-26,,
2025-01-27,587.8218994140625,509.87884521484375
2025-01-28,592.8726806640625,517.4146728515625
2025-01-29,590.2149047851562,516.4430541992188
2025-01-30,593.3826293945312,518.644287109375
2025-01-31,590.2246704101562,517.890625
2025-02-01,,
2025-02-02,,
2025-02-03,586.252685546875,513.7459106445312
2025-02-04,590.185546875,520.05224609375
2025-02-05,592.5784301757812,522.4122924804688
2025-02-06,594.6380615234375,525.1390991210938
2025-02-07,589.1948852539062,518.5153198242188
2025-02-08,,
2025-02-09,,
2025-02-10,593.1962890625,524.7921142578125
2025-02-11,593.6474609375,523.5426635742188
2025-02-12,591.7349853515625,523.85009765625
2025-02-13,597.9822998046875,531.3861083984375
2025-02-14,597.952880859375,533.6171264648438
2025-02-15,,
2025-02-16,,
2025-02-17,,
2025-02-18,599.7084350585938,534.826904296875
2025-02-19,601.12060546875,534.9756469726562
2025-02-20,598.6198120117188,532.7049560546875
2025-02-21,588.3809204101562,521.6488037109375
2025-02-22,,
2025-02-23,,
2025-02-24,585.70361328125,515.4910888671875
2025-02-25,582.7907104492188,508.9963073730469
2025-02-26,583.0850219726562,510.2257995605469
2025-02-27,573.7777099609375,496.0561828613281
2025-02-28,582.7318115234375,503.88970947265625
2025-03-01,,
2025-03-02,,
2025-03-03,572.5224609375,492.8633117675781
2025-03-04,565.7455444335938,491.3760070800781
2025-03-05,571.826171875,497.78155517578125
2025-03-06,561.6755981445312,484.087890625
2025-03-07,564.8236694335938,487.64764404296875
2025-03-08,,
2025-03-09,,
2025-03-10,549.7792358398438,468.7481994628906
2025-03-11,545.2090454101562,467.627685546875
2025-03-12,548.1021728515625,472.9028625488281
2025-03-13,540.7957763671875,464.3951721191406
2025-03-14,551.9662475585938,475.6197814941406
2025-03-15,,
2025-03-16,,
2025-03-17,556.2227172851562,478.7035827636719
2025-03-18,550.210693359375,470.54290771484375
2025-03-19,556.2030639648438,476.8394470214844
2025-03-20,554.5946655273438,475.2232360839844
2025-03-21,554.7776489257812,476.78985595703125
2025-03-22,,
2025-03-23,,
2025-03-24,564.7127685546875,487.2527160644531
2025-03-25,566.0703735351562,490.03326416015625
2025-03-26,559.3124389648438,481.01629638671875
2025-03-27,557.8270874023438,478.27545166015625
2025-03-28,546.5933837890625,465.68353271484375
2025-03-29,,
2025-03-30,,
2025-03-31,550.2625732421875,465.6636962890625
2025-04-01,551.816650390625,469.41741943359375
2025-04-02,555.308837890625,472.8434753417969
2025-04-03,527.9428100585938,447.53045654296875
2025-04-04,497.0354309082031,419.7348327636719
2025-04-05,,
2025-04-06,,
2025-04-07,496.1501159667969,420.7477722167969
2025-04-08,488.3790588378906,413.17071533203125
2025-04-09,539.6682739257812,462.7639465332031
2025-04-10,516.0205688476562,443.0815734863281
2025-04-11,525.2279052734375,451.2444763183594
2025-04-12,,
2025-04-13,,
2025-04-14,530.3232421875,454.3031005859375
2025-04-15,528.8378295898438,454.8095703125
2025-04-16,517.0828247070312,441.0954284667969
2025-04-17,517.8206176757812,441.0159912109375
2025-04-18,,
2025-04-19,,
2025-04-20,,
2025-04-21,505.4951171875,430.1023254394531
2025-04-22,518.64697265625,441.39337158203125
2025-04-23,526.68359375,451.4033508300781
2025-04-24,537.769775390625,464.10455322265625
2025-04-25,541.6552734375,469.27838134765625
2025-04-26,,
2025-04-27,,
2025-04-28,541.8619384765625,469.1294250488281
2025-04-29,545.2752685546875,472.2277526855469
2025-04-30,545.49169921875,472.16815185546875
2025-05-01,549.3575439453125,478.3350524902344
2025-05-02,557.5123291015625,485.4353942871094
2025-05-03,,
2025-05-04,,
2025-05-05,554.3153076171875,482.5555419921875
2025-05-06,549.68212890625,478.06695556640625
2025-05-07,551.9938354492188,479.9437561035156
2025-05-08,555.8400268554688,484.8991394042969
2025-05-09,555.1317749023438,484.5813903808594
2025-05-10,,
2025-05-11,,
2025-05-12,573.4775390625,504.3232727050781
2025-05-13,577.2646484375,512.0095825195312
2025-05-14,578.0023803710938,515.0780639648438
2025-05-15,580.8255615234375,515.6441040039062
2025-05-16,584.5045776367188,517.888427734375
2025-05-17,,
2025-05-18,,
2025-05-19,585.1439819335938,518.3849487304688
2025-05-20,583.1765747070312,516.6571044921875
2025-05-21,573.3495483398438,509.4772644042969
2025-05-22,573.5758666992188,510.4306335449219
2025-05-23,569.6607055664062,505.70367431640625
2025-05-24,,
2025-05-25,,
2025-05-26,,
2025-05-27,581.5043334960938,517.6004638671875
2025-05-28,578.1400756835938,515.306396484375
2025-05-29,580.4222412109375,516.3194580078125
2025-05-30,579.7730712890625,515.5051879882812
2025-05-31,,
2025-06-01,,
2025-06-02,583.0388793945312,519.5765991210938
2025-06-03,586.3637084960938,523.6382446289062
2025-06-04,586.2064208984375,525.0980834960938
2025-06-05,583.3732299804688,521.1456909179688
2025-06-06,589.3639526367188,526.239990234375
2025-06-07,,
2025-06-08,,
2025-06-09,589.8950805664062,527.0145874023438
2025-06-10,593.2396850585938,530.5003051757812
2025-06-11,591.5477294921875,528.7127075195312
2025-06-12,593.898681640625,529.9540405273438
2025-06-13,587.2588500976562,523.3006591796875
2025-06-14,,
2025-06-15,,
2025-06-16,592.84619140625,530.5796508789062
2025-06-17,587.7802124023438,525.4059448242188
2025-06-18,587.691650390625,525.3164672851562
2025-06-19,,
2025-06-20,586.3114013671875,523.1715698242188
2025-06-21,,
2025-06-22,,
2025-06-23,592.1027221679688,528.551025390625
2025-06-24,598.6438598632812,536.6336059570312
2025-06-25,598.9793090820312,538.0054931640625
2025-06-26,603.66552734375,543.0360107421875
2025-06-27,606.664794921875,544.8951416015625
2025-06-28,,
2025-06-29,,
2025-06-30,609.5654296875,548.4244384765625
2025-07-01,609.3681030273438,543.801513671875
2025-07-02,612.1305541992188,547.58935546875
2025-07-03,616.9549560546875,552.9777221679688
2025-07-04,,
2025-07-05,,
2025-07-06,,
2025-07-07,612.3574829101562,548.812255859375
2025-07-08,612.0220947265625,549.120361328125
2025-07-09,615.692138671875,553.007568359375
2025-07-10,617.4285888671875,552.2122192382812
2025-07-11,615.2579956054688,550.9696044921875
2025-07-12,,
2025-07-13,,
2025-07-14,616.4320068359375,552.9678344726562
2025-07-15,613.7978515625,553.4747924804688
2025-07-16,615.8499755859375,554.04150390625
2025-07-17,619.6187133789062,558.5252685546875
2025-07-18,619.1649780273438,557.9884033203125
2025-07-19,,
2025-07-20,,
2025-07-21,620.3389892578125,560.88134765625
2025-07-22,620.427734375,557.9784545898438
2025-07-23,625.7061157226562,560.5235595703125
2025-07-24,625.9132080078125,561.716552734375
2025-07-25,628.5572509765625,563.068603515625
2025-07-26,,
2025-07-27,,
2025-07-28,628.3994750976562,564.828369140625
2025-07-29,626.741943359375,563.9534301757812
2025-07-30,625.9526977539062,564.708984375
2025-07-31,623.6046142578125,561.716552734375
2025-08-01,613.3834838867188,550.6513671875
2025-08-02,,
2025-08-03,,
2025-08-04,622.7067260742188,560.811767578125
2025-08-05,619.5496215820312,557.004150390625
2025-08-06,624.2952270507812,564.0130615234375
2025-08-07,623.772216796875,565.9218139648438
2025-08-08,628.6361694335938,571.2009887695312
2025-08-09,,
2025-08-10,,
2025-08-11,627.39306640625,569.5108032226562
2025-08-12,634.0723266601562,576.6688232421875
2025-08-13,636.2428588867188,576.9571533203125
2025-08-14,636.302001953125,576.509765625
2025-08-15,634.8123168945312,573.974609375
2025-08-16,,
2025-08-17,,
2025-08-18,634.674072265625,573.7459106445312
2025-08-19,631.2308959960938,565.9616088867188
2025-08-20,629.5537109375,562.6013793945312
2025-08-21,627.0280151367188,559.9966430664062
2025-08-22,636.6571655273438,568.635986328125
2025-08-23,,
2025-08-24,,
2025-08-25,633.855224609375,566.9956665039062
2025-08-26,636.5092163085938,569.2721557617188
2025-08-27,637.95947265625,570.1470947265625
2025-08-28,640.21875,573.7161865234375
2025-08-29,636.4006958007812,567.0750732421875
2025-08-30,,
2025-08-31,,
2025-09-01,,
2025-09-02,631.6847534179688,562.3229370117188
2025-09-03,635.1082153320312,566.7470092773438
2025-09-04,640.4160766601562,571.8768920898438
2025-09-05,638.561279296875,572.7020874023438
2025-09-06,,
2025-09-07,,
2025-09-08,640.1300048828125,575.4957275390625
2025-09-09,641.60986328125,577.1261596679688
2025-09-10,643.4647216796875,577.3150634765625
2025-09-11,648.81201171875,580.6754150390625
2025-09-12,648.5949096679688,583.2402954101562
2025-09-13,,
2025-09-14,,
2025-09-15,652.0480346679688,588.2310180664062
2025-09-16,651.1502075195312,587.73388671875
2025-09-17,650.3412475585938,586.5608520507812
2025-09-18,653.3798828125,591.849853515625
2025-09-19,656.6160278320312,595.8562622070312
2025-09-20,,
2025-09-21,,
2025-09-22,659.7225341796875,599.3837890625
2025-09-23,656.1312866210938,595.4025268554688
2025-09-24,654.0436401367188,593.3123168945312
2025-09-25,651.0263061523438,590.7543334960938
2025-09-26,654.756103515625,593.1829223632812
2025-09-27,,
2025-09-28,,
2025-09-29,656.5962524414062,595.9299926757812
2025-09-30,659.0694580078125,597.5623168945312
2025-10-01,661.3153686523438,600.4288330078125
2025-10-02,662.0769653320312,602.8972778320312
2025-10-03,662.0672607421875,600.3591918945312
2025-10-04,,
2025-10-05,,
2025-10-06,664.4415893554688,604.8679809570312
2025-10-07,661.9781494140625,601.6830444335938
2025-10-08,665.925537109375,608.58056640625
2025-10-09,663.996337890625,607.8440551757812
2025-10-10,646.0499877929688,586.7432250976562
2025-10-11,,
2025-10-12,,
2025-10-13,655.9629516601562,599.1946411132812
2025-10-14,655.16162109375,595.2034301757812
2025-10-15,658.0702514648438,599.4036865234375
2025-10-16,653.5887451171875,597.1841430664062
2025-10-17,657.2986450195312,601.105712890625
2025-10-18,,
2025-10-19,,
2025-10-20,664.1348876953125,608.6800537109375
2025-10-21,664.1249389648438,608.5208740234375
2025-10-22,660.6722412109375,602.6583862304688
2025-10-23,664.5899658203125,607.7246704101562
2025-10-24,670.0213623046875,614.214111328125
2025-10-25,,
2025-10-26,,
2025-10-27,677.926025390625,625.1527709960938
2025-10-28,679.7266235351562,629.9600830078125
2025-10-29,680.0531616210938,632.7968139648438
2025-10-30,672.5737915039062,623.1222534179688
2025-10-31,674.780029296875,626.1280517578125
2025-11-01,,
2025-11-02,,
2025-11-03,676.04638671875,629.1240234375
2025-11-04,668.0328369140625,616.3540649414062
2025-11-05,670.3478393554688,620.365234375
2025-11-06,663.1554565429688,608.8095092773438
2025-11-07,663.808349609375,606.8885498046875
2025-11-08,,
2025-11-09,,
2025-11-10,674.1666870117188,620.3154296875
2025-11-11,675.7100219726562,618.6632080078125
2025-11-12,676.0859375,618.175537109375
2025-11-13,664.866943359375,605.5548706054688
2025-11-14,664.7581787109375,606.0125732421875
2025-11-15,,
2025-11-16,,
2025-11-17,658.5650024414062,600.8369140625
2025-11-18,653.03466796875,593.5213012695312
2025-11-19,655.5574951171875,597.0646362304688
2025-11-20,645.5652465820312,582.9310913085938
2025-11-21,651.995849609375,587.3104858398438
2025-11-22,,
2025-11-23,,
2025-11-24,661.59228515625,602.3299560546875
2025-11-25,667.815185546875,606.04248046875
2025-11-26,672.4254760742188,611.3973388671875
2025-11-27,,
2025-11-28,676.0958251953125,616.3540649414062
2025-11-29,,
2025-11-30,,
2025-12-01,673.0091552734375,614.2837524414062
2025-12-02,674.2556762695312,619.0911865234375
2025-12-03,676.5905151367188,620.6041259765625
2025-12-04,677.085205078125,620.02685546875
2025-12-05,678.3712768554688,622.5548706054688
2025-12-06,,
2025-12-07,,
2025-12-08,676.3333129882812,621.3605346679688
2025-12-09,675.74951171875,622.1268920898438
2025-12-10,680.2312622070312,624.6749267578125
2025-12-11,681.8140869140625,622.6544799804688
2025-12-12,674.4832763671875,610.7503662109375
2025-12-13,,
2025-12-14,,
2025-12-15,673.4642333984375,607.6847534179688
2025-12-16,671.6240844726562,608.8890991210938
2025-12-17,664.2337646484375,597.60205078125
2025-12-18,669.2496337890625,606.261474609375
2025-12-19,675.3153686523438,614.1643676757812
2025-12-20,,
2025-12-21,,
2025-12-22,679.5224609375,617.1082763671875
2025-12-23,682.6282348632812,619.9984130859375
2025-12-24,685.0294799804688,621.812255859375
2025-12-25,,
2025-12-26,684.9599609375,621.7724609375
2025-12-27,,
2025-12-28,,
2025-12-29,682.51904296875,618.7626342773438
2025-12-30,681.685546875,617.3275146484375
2025-12-31,676.635009765625,612.2249145507812
2026-01-01,,
2026-01-02,677.8753051757812,611.0389404296875
2026-01-03,,
2026-01-04,,
2026-01-05,682.3900756835938,615.8923950195312
2026-01-06,686.4484252929688,621.3040161132812
2026-01-07,684.2356567382812,621.9020385742188
2026-01-08,684.1661987304688,618.364013671875
2026-01-09,688.6908569335938,624.5230712890625
2026-01-10,,
2026-01-11,,
2026-01-12,689.7723999023438,625.041259765625
2026-01-13,688.3932495117188,624.1144409179688
2026-01-14,685.009521484375,617.4471435546875
2026-01-15,686.8750610351562,619.6696166992188
2026-01-16,686.2994995117188,619.1513671875
2026-01-17,,
2026-01-18,,
2026-01-19,,
2026-01-20,672.3286743164062,605.9961547851562
2026-01-21,680.0880737304688,614.188232421875
2026-01-22,683.6402587890625,618.6530151367188
2026-01-23,683.8883666992188,620.6063842773438
2026-01-24,,
2026-01-25,,
2026-01-26,687.3612060546875,623.3370971679688
2026-01-27,690.099853515625,628.9878540039062
2026-01-28,690.0303344726562,631.0706787109375
2026-01-29,688.6610717773438,627.2935791015625
2026-01-30,686.6071166992188,619.7592163085938
2026-01-31,,
2026-02-01,,
2026-02-02,690.0204467773438,624.0148315429688
2026-02-03,684.18603515625,614.4274291992188
2026-02-04,680.8719482421875,603.6939086914062
2026-02-05,672.3682861328125,595.0036010742188
2026-02-06,685.2676391601562,607.5807495117188
2026-02-07,,
2026-02-08,,
2026-02-09,688.5718383789062,612.2349243164062
2026-02-10,686.7559814453125,609.39453125
2026-02-11,686.5972290039062,611.0289916992188
2026-02-12,675.9900512695312,598.601318359375
2026-02-13,676.4663696289062,599.876953125
2026-02-14,,
2026-02-15,,
2026-02-16,,
2026-02-17,677.5578002929688,599.259033203125
2026-02-18,680.97119140625,603.73388671875
2026-02-19,679.1751708984375,601.421630859375
2026-02-20,684.0867919921875,606.7435302734375
2026-02-21,,
2026-02-22,,
2026-02-23,677.1013793945312,599.36865234375
2026-02-24,682.0228881835938,605.8067626953125
2026-02-25,687.7780151367188,614.5868530273438
2026-02-26,683.9578247070312,607.172119140625
2026-02-27,680.6734619140625,605.228759765625
2026-02-28,,
2026-03-01,,
2026-03-02,681.0604858398438,606.0260620117188
2026-03-03,675.0573120117188,599.5380859375
2026-03-04,679.8201293945312,608.6769409179688
2026-03-05,676.0297241210938,606.84326171875
2026-03-06,667.1689453125,597.71435546875
2026-03-07,,
2026-03-08,,
2026-03-09,673.0133056640625,605.6971435546875
2026-03-10,671.9317016601562,605.7071533203125
2026-03-11,671.08837890625,605.6273193359375
2026-03-12,660.89794921875,595.2327880859375
2026-03-13,657.1571655273438,591.7047729492188
2026-03-14,,
2026-03-15,,
2026-03-16,663.844970703125,598.3422241210938
2026-03-17,665.5912475585938,601.2622680664062
2026-03-18,656.3038330078125,592.880859375
2026-03-19,654.6864624023438,591.0072021484375
2026-03-20,645.3009643554688,580.0844116210938
2026-03-21,,
2026-03-22,,
2026-03-23,652.07666015625,586.7431640625
2026-03-24,649.8877563476562,582.731689453125
2026-03-25,653.5094604492188,586.5635375976562
2026-03-26,641.838623046875,572.5634765625
2026-03-27,630.89404296875,561.3775024414062
2026-03-28,,
2026-03-29,,
2026-03-30,628.78466796875,557.086669921875
2026-03-31,647.0621337890625,575.9462280273438
2026-04-01,651.9373779296875,583.06103515625
2026-04-02,652.5244750976562,583.7295532226562
2026-04-03,,
2026-04-04,,
2026-04-05,,
2026-04-06,655.6087646484375,587.2420654296875
2026-04-07,655.8972778320312,587.3319091796875
2026-04-08,672.6027221679688,604.7944946289062
2026-04-09,676.4830322265625,608.8857421875
2026-04-10,676.0353393554688,609.7638549804688
2026-04-11,,
2026-04-12,,
2026-04-13,682.6417846679688,616.0703125
2026-04-14,690.959716796875,627.2562866210938
2026-04-15,696.412109375,636.0375366210938
2026-04-16,698.1234130859375,639.1009521484375
2026-04-17,706.5607299804688,647.4630126953125
2026-04-18,,
2026-04-19,,
2026-04-20,705.1477661132812,645.4074096679688
2026-04-21,700.53125,642.9526977539062
2026-04-22,707.6253051757812,653.709716796875
2026-04-23,704.8792114257812,650.0275268554688
2026-04-24,710.3414916992188,662.4609375
2026-04-25,,
2026-04-26,,
2026-04-27,711.5653686523438,662.8101806640625
2026-04-28,708.1029052734375,656.1444702148438
2026-04-29,707.993408203125,660.1558837890625
2026-04-30,715.0377197265625,666.3126220703125
2026-05-01,717.0177001953125,672.708984375
2026-05-02,,
2026-05-03,,
2026-05-04,714.3909912109375,671.4417114257812
2026-05-05,720.1220092773438,680.1530151367188
2026-05-06,730.1312866210938,694.2827758789062
2026-05-07,727.8926391601562,693.4545288085938
2026-05-08,733.9021606445312,709.709716796875
2026-05-09,,
2026-05-10,,
2026-05-11,735.5736694335938,711.7652587890625
2026-05-12,734.4593505859375,705.7282104492188
2026-05-13,738.5685424804688,713.1823120117188
2026-05-14,744.3989868164062,718.2514038085938
2026-05-15,735.4443969726562,707.4146728515625
2026-05-16,,
2026-05-17,,
2026-05-18,734.927001953125,704.3711547851562
2026-05-19,730.03173828125,700.030517578125
2026-05-20,737.5138549804688,711.6256713867188
2026-05-21,738.9764404296875,712.9827270507812
2026-05-22,741.8817749023438,716.0062255859375
2026-05-23,,
2026-05-24,,
2026-05-25,,
2026-05-26,746.8068237304688,728.7190551757812
2026-05-27,746.6774291992188,727.8908081054688
2026-05-28,750.7965698242188,734.027587890625
2026-05-29,752.6671142578125,736.7318115234375
2026-05-30,,
2026-05-31,,
2026-06-01,754.7166748046875,741.1524047851562
2026-06-02,755.7415771484375,744.5650024414062
2026-06-03,750.4384155273438,742.6192626953125
2026-06-04,753.2740478515625,739.0269165039062
2026-06-05,733.83251953125,703.5529174804688
2026-06-06,,
2026-06-07,,
2026-06-08,735.4940795898438,714.5393676757812
2026-06-09,733.3350830078125,706.3169555664062
2026-06-10,721.7736206054688,692.2072143554688
2026-06-11,734.04150390625,715.5870971679688
2026-06-12,738.0113525390625,719.798095703125
2026-06-13,,
2026-06-14,,
2026-06-15,751.0254516601562,742.40966796875
2026-06-16,746.5481567382812,728.2998657226562
2026-06-17,737.225341796875,720.965576171875
2026-06-18,744.8902587890625,739.0369262695312
2026-06-19,,
2026-06-20,,
2026-06-21,,
2026-06-22,742.546142578125,737.1818237304688
2026-06-23,731.7628784179688,712.9071655273438
2026-06-24,731.4237060546875,709.8803100585938
2026-06-25,732.4810791015625,715.63427734375
2026-06-26,727.1842651367188,705.7846069335938
2026-06-27,,
2026-06-28,,
2026-06-29,739.1644897460938,723.3262939453125
2026-06-30,744.9202270507812,735.6334838867188
2026-07-01,743.9127197265625,724.4151000976562
2026-07-02,742.9351806640625,711.8582153320312
2026-07-03,,
2026-07-04,,
2026-07-05,,
2026-07-06,749.4190673828125,722.067626953125
2026-07-07,745.85791015625,708.6915283203125
2026-07-08,743.5536499023438,710.699462890625
2026-07-09,749.8480224609375,722.5271606445312
2026-07-10,753.0799560546875,724.7548217773438
2026-07-11,,
2026-07-12,,
2026-07-13,747.3142700195312,710.9990844726562
2026-07-14,749.9677124023438,718.9408569335938
2026-07-15,752.9403076171875,716.9928588867188
2026-07-16,748.8604125976562,705.2051391601562
2026-07-17,741.4487915039062,694.606201171875
2026-07-18,,
2026-07-19,,
2026-07-20,740.2518310546875,695.33544921875
2026-07-21,746.426513671875,708.2319946289062
2026-07-22,745.55859375,704.61572265625
2026-07-23,736.3515014648438,691.23974609375
2026-07-24,737.099609375,683.5177612304688
2026-07-25,,
2026-07-26,,
2026-07-27,737.25927734375,681.4099731445312
2026-07-28,739.0248413085938,674.786865234375
2026-07-29,727.6531372070312,661.0411376953125
2026-07-30,739.852783203125,682.8384399414062
2026-07-31,745.1796264648438,687.2738647460938
2026-08-01,,
2026-08-02,,
2026-08-03,755.793212890625,699.34130859375
2026-08-04,769.4193725585938,723.0964965820312
2026-08-05,767.8831787109375,716.5533447265625
2026-08-06,766.65625,713.9061279296875
2026-08-07,771.3446044921875,722.2774047851562
2026-08-08,,
2026-08-09,,
2026-08-10,771.1151733398438,720.11962890625
2026-08-11,768.6513061523438,717.7021484375
2026-08-12,770.5764770507812,722.9467163085938
2026-08-13,775.9531860351562,731.3079833984375
2026-08-14,774.4169921875,730.3090209960938
2026-08-15,,
2026-08-16,,
2026-08-17,770.7560424804688,729.1102294921875
2026-08-18,765.5490112304688,716.7631225585938
2026-08-19,767.1549682617188,715.3345947265625
2026-08-20,760.7109985351562,710.18994140625
2026-08-21,763.8232421875,712.6973876953125
2026-08-22,,
2026-08-23,,
2026-08-24,761.5787963867188,705.5847778320312
2026-08-25,764.0127563476562,709.9801635742188
2026-08-26,764.182373046875,710.6295166015625
2026-08-27,769.18994140625,720.359375
2026-08-28,767.4442749023438,715.6842651367188
2026-08-29,,
2026-08-30,,
2026-08-31,765.1499633789062,716.013916015625
2026-09-01,759.89306640625,706.9033813476562
2026-09-02,763.2646484375,708.501708984375
2026-09-03,771.2548217773438,716.9229125976562
2026-09-04,768.2822265625,718.2116088867188
2026-09-05,,
2026-09-06,,
2026-09-07,,
2026-09-08,764.0626831054688,717.6122436523438
2026-09-09,760.5115356445312,715.5643920898438
2026-09-10,755.9528198242188,707.9523315429688
2026-09-11,762.3967895507812,714.1358642578125
2026-09-12,,
2026-09-13,,
2026-09-14,758.9952392578125,708.4417724609375
2026-09-15,755.513916015625,703.8065795898438
2026-09-16,752.1821899414062,703.9863891601562
2026-09-17,760.7109985351562,716.1737060546875
2026-09-18,761.6900024414062,720.6990356445312
2026-09-19,,
2026-09-20,,
2026-09-21,773.5,741.469970703125
2026-09-22,773.3800048828125,747.4600219726562
2026-09-23,767.8099975585938,741.2100219726562
2026-09-24,767.1799926757812,741.0999755859375
2026-09-25,771.3499755859375,744.5
2026-09-26,,
2026-09-27,,
2026-09-28,765.6099853515625,736.530029296875
2026-09-29,764.2000122070312,737.9299926757812
2026-09-30,762.6300048828125,739.77001953125
2026-10-01,763.989990234375,742.030029296875
2026-10-02,769.6400146484375,749.5800170898438
2026-10-03,,
2026-10-04,,
2026-10-05,774.8300170898438,756.2000122070312
2026-10-06,,
